-- MySQL dump 10.13  Distrib 8.0.32, for Win64 (x86_64)
--
-- Host: localhost    Database: mungta
-- ------------------------------------------------------
-- Server version	8.0.32

/*!40101 SET @OLD_CHARACTER_SET_CLIENT=@@CHARACTER_SET_CLIENT */;
/*!40101 SET @OLD_CHARACTER_SET_RESULTS=@@CHARACTER_SET_RESULTS */;
/*!40101 SET @OLD_COLLATION_CONNECTION=@@COLLATION_CONNECTION */;
/*!50503 SET NAMES utf8 */;
/*!40103 SET @OLD_TIME_ZONE=@@TIME_ZONE */;
/*!40103 SET TIME_ZONE='+00:00' */;
/*!40014 SET @OLD_UNIQUE_CHECKS=@@UNIQUE_CHECKS, UNIQUE_CHECKS=0 */;
/*!40014 SET @OLD_FOREIGN_KEY_CHECKS=@@FOREIGN_KEY_CHECKS, FOREIGN_KEY_CHECKS=0 */;
/*!40101 SET @OLD_SQL_MODE=@@SQL_MODE, SQL_MODE='NO_AUTO_VALUE_ON_ZERO' */;
/*!40111 SET @OLD_SQL_NOTES=@@SQL_NOTES, SQL_NOTES=0 */;

--
-- Table structure for table `fr_list`
--

DROP TABLE IF EXISTS `fr_list`;
/*!40101 SET @saved_cs_client     = @@character_set_client */;
/*!50503 SET character_set_client = utf8mb4 */;
CREATE TABLE `fr_list` (
  `user_id` varchar(20) DEFAULT NULL,
  `fr_id` varchar(20) DEFAULT NULL,
  KEY `id` (`user_id`),
  CONSTRAINT `fr_list_ibfk_1` FOREIGN KEY (`user_id`) REFERENCES `userinfo` (`id`)
) ENGINE=InnoDB DEFAULT CHARSET=utf8mb4 COLLATE=utf8mb4_0900_ai_ci;
/*!40101 SET character_set_client = @saved_cs_client */;

--
-- Dumping data for table `fr_list`
--

LOCK TABLES `fr_list` WRITE;
/*!40000 ALTER TABLE `fr_list` DISABLE KEYS */;
INSERT INTO `fr_list` VALUES ('aaa1234','ro12345'),('aaa1234','aaa4567');
/*!40000 ALTER TABLE `fr_list` ENABLE KEYS */;
UNLOCK TABLES;

--
-- Table structure for table `fr_list_testbyjin`
--

DROP TABLE IF EXISTS `fr_list_testbyjin`;
/*!40101 SET @saved_cs_client     = @@character_set_client */;
/*!50503 SET character_set_client = utf8mb4 */;
CREATE TABLE `fr_list_testbyjin` (
  `user_id` varchar(20) DEFAULT NULL,
  `fr_id` varchar(20) DEFAULT NULL
) ENGINE=InnoDB DEFAULT CHARSET=utf8mb4 COLLATE=utf8mb4_0900_ai_ci;
/*!40101 SET character_set_client = @saved_cs_client */;

--
-- Dumping data for table `fr_list_testbyjin`
--

LOCK TABLES `fr_list_testbyjin` WRITE;
/*!40000 ALTER TABLE `fr_list_testbyjin` DISABLE KEYS */;
/*!40000 ALTER TABLE `fr_list_testbyjin` ENABLE KEYS */;
UNLOCK TABLES;

--
-- Table structure for table `ma_date`
--

DROP TABLE IF EXISTS `ma_date`;
/*!40101 SET @saved_cs_client     = @@character_set_client */;
/*!50503 SET character_set_client = utf8mb4 */;
CREATE TABLE `ma_date` (
  `date` varchar(20) DEFAULT NULL
) ENGINE=InnoDB DEFAULT CHARSET=utf8mb4 COLLATE=utf8mb4_0900_ai_ci;
/*!40101 SET character_set_client = @saved_cs_client */;

--
-- Dumping data for table `ma_date`
--

LOCK TABLES `ma_date` WRITE;
/*!40000 ALTER TABLE `ma_date` DISABLE KEYS */;
/*!40000 ALTER TABLE `ma_date` ENABLE KEYS */;
UNLOCK TABLES;

--
-- Table structure for table `map_tables`
--

DROP TABLE IF EXISTS `map_tables`;
/*!40101 SET @saved_cs_client     = @@character_set_client */;
/*!50503 SET character_set_client = utf8mb4 */;
CREATE TABLE `map_tables` (
  `latitude` decimal(19,17) DEFAULT NULL,
  `longitude` decimal(20,17) DEFAULT NULL,
  `id` varchar(20) NOT NULL,
  `addData` datetime DEFAULT NULL,
  KEY `id` (`id`),
  CONSTRAINT `map_tables_ibfk_1` FOREIGN KEY (`id`) REFERENCES `userinfo` (`id`)
) ENGINE=InnoDB DEFAULT CHARSET=utf8mb4 COLLATE=utf8mb4_0900_ai_ci;
/*!40101 SET character_set_client = @saved_cs_client */;

--
-- Dumping data for table `map_tables`
--

LOCK TABLES `map_tables` WRITE;
/*!40000 ALTER TABLE `map_tables` DISABLE KEYS */;
INSERT INTO `map_tables` VALUES (36.12345600000000000,128.12345600000000000,'aaa1234','2023-04-11 10:15:56'),(36.34710237666339000,127.38856093639887000,'ro12345',NULL),(36.35286749269623400,127.37807275724015000,'aaa1234','2023-04-11 10:20:47'),(36.34547709599724600,127.38953315078412000,'aaa1234','2023-04-11 10:20:48'),(36.34630077838355000,127.39118593918866000,'ro12345',NULL),(36.34191038472855000,127.38893615211403000,'ro12345',NULL),(36.34864907110160000,127.37836428431564000,'ro12345',NULL),(36.35253344566765000,127.39224206013475000,'ro12345',NULL),(36.34650585292939000,127.38352278304477000,'ro12345',NULL),(36.34864878889280000,127.37845340381487000,'ro12345',NULL),(36.34929365114627600,127.39088898516482000,'ro12345',NULL),(36.34734889290575000,127.39034454821335000,'ro12345',NULL),(36.35599560913869500,127.38058350297109000,'ro12345',NULL),(36.35694173758674000,127.38901092216193000,'ro12345',NULL),(36.35228783207501000,127.39019095362207000,'aaa1234','2023-04-11 10:24:51'),(36.34578806586120000,127.38253896955887000,'aaa1234','2023-04-11 10:25:14'),(36.34796007985604000,127.39083775918242000,'ro12345',NULL),(36.34828252444252000,127.38027860036664000,'ro12345',NULL),(36.34620598794765000,127.38708603487765000,'ro12345',NULL),(36.34028063158634600,127.38010602889322000,'ro12345',NULL),(36.33805083836540000,127.37849123623369000,'ro12345',NULL),(36.34259720593863000,127.37708741141411000,'ro12345',NULL),(36.34639785657192000,127.38347769428594000,'ro12345',NULL),(36.34974429846489000,127.38532110767439000,'ro12345',NULL),(36.35008667194413000,127.39089294935074000,'rotest0101',NULL),(36.34538382840594000,127.38494315475673000,'rotest0101',NULL),(36.34675502793881000,127.38450431059579000,'rotest0101',NULL),(36.34768013325101000,127.38825188801233000,'rotest0101',NULL),(36.34957721501378000,127.38122067659747000,'rotest0101',NULL),(36.34099630684209000,127.38175808112497000,'rotest0101',NULL),(36.35295257297356000,127.38529235521435000,'rotest0101',NULL),(36.35460418982944000,127.37603121924309000,'rotest0101',NULL),(36.34779275246787500,127.38687108929976000,'rotest0101',NULL),(36.34407314228566600,127.37771833682334000,'rotest0101',NULL),(36.34336522678782400,127.38493321969547000,'rotest0101',NULL),(36.34638086845235000,127.38873558809298000,'rotest0101',NULL),(36.34593753986579000,127.39203074075600000,'rotest0101',NULL),(36.34399424458241000,127.39104072930023000,'rotest0101',NULL),(36.34275143185503000,127.38524209837685000,'rotest0101',NULL),(36.34676445423300000,127.38156343974810000,'rotest0101',NULL),(36.34676445423300000,127.38156343974810000,'rotest0101',NULL),(36.35283419023074500,127.38845573096269000,'rotest0101',NULL),(36.35236137912407600,127.38974569534857000,'rotest0101',NULL),(36.34913347904860000,127.39574529918468000,'rotest0101',NULL),(36.34520324115728000,127.39608187842364000,'rotest0101',NULL),(36.34127830976863000,127.39481442918200000,'rotest0101',NULL),(36.34085936974809500,127.39066860924177000,'rotest0101',NULL),(36.34781866019323400,127.38999041352209000,'rotest0101',NULL),(36.33694320008234000,127.38668376874541000,'rotest0101',NULL),(36.35184771382869000,127.38136543299763000,'rotest0101',NULL),(36.35217415154836000,127.39188375833973000,'rotest0101',NULL),(36.35051294536711000,127.39281122365306000,'rotest0101',NULL),(36.33937254991851000,127.39337904645934000,'rotest0101',NULL),(36.34883085436567000,127.37787499796826000,'rotest0101',NULL),(36.34093427722665000,127.37859429995613000,'rotest0101',NULL),(36.34273136801499000,127.38025160950477000,'rotest0101',NULL),(36.35633343894684000,127.38762638653705000,'rotest0101',NULL),(36.35735525227013000,127.38375426475787000,'rotest0101',NULL),(36.35841746005472400,127.38968675555468000,'rotest0101',NULL),(36.35516234126730000,127.39301283930646000,'rotest0101',NULL),(36.35837105245802500,127.39285070693157000,'rotest0101',NULL),(36.35232271384711000,127.39054762775426000,'rotest0101',NULL),(36.35836926524890000,127.38228856575356000,'rotest0101',NULL),(36.34867576956716600,127.38130540289889000,'rotest0101',NULL),(36.34771502096990000,127.38860854029708000,'rotest0101',NULL),(36.34533349110118000,127.38935420142866000,'rotest0101',NULL),(36.34522549696719600,127.38930910532817000,'rotest0101',NULL),(36.34522549696719600,127.38930910532817000,'rotest0101',NULL),(36.34522549696719600,127.38930910532817000,'rotest0101',NULL),(36.34522549696719600,127.38930910532817000,'rotest0101',NULL),(36.34715939920377500,127.38205552207799000,'rotest0101',NULL),(36.35391965152517500,127.39817594798872000,'rotest0101',NULL),(36.35376742330890000,127.40058159180825000,'rotest0101',NULL),(36.36182113109014600,127.38497952412710000,'rotest0101',NULL),(36.35034451357032000,127.40011844224130000,'rotest0101',NULL),(36.34612589445666000,127.40045332961381000,'rotest0101',NULL),(36.34157986221076000,127.40167763276415000,'rotest0101',NULL),(36.33845426545425000,127.39854276194801000,'rotest0101',NULL),(36.34352096523080000,127.40329167031764000,'rotest0101',NULL),(36.34637806978459000,127.40049917997983000,'rotest0101',NULL),(36.34727213396019600,127.39177007317475000,'rotest0101',NULL),(36.34076340626229000,127.38692543239614000,'rotest0101',NULL),(36.34284788248350000,127.38885169963679000,'rotest0101',NULL),(36.34215747885249000,127.39054142255713000,'rotest0101',NULL),(36.34413813868342000,127.39113056441663000,'rotest0101',NULL),(36.35026850634301000,127.39040368363588000,'rotest0101',NULL),(36.35691912829699400,127.37350214032395000,'rotest0101',NULL),(36.35165174214581000,127.37494752841785000,'rotest0101',NULL),(36.35393712137804600,127.37032388876203000,'rotest0101',NULL),(36.34305425116724000,127.36924753840121000,'rotest0101',NULL),(36.35506321870472000,127.37906378513526000,'aaa4567','2023-04-11 11:43:46'),(36.34713554278544500,127.37822328273668000,'aaa4567','2023-04-11 11:43:46'),(36.34433805057694000,127.38507168146887000,'aaa4567','2023-04-11 11:43:47'),(36.35002039641850000,127.38911017021044000,'aaa4567','2023-04-11 11:43:47'),(36.35459378134437000,127.39051440842123000,'aaa4567','2023-04-11 11:43:48'),(36.35178173402869000,127.40150722437019000,'rotest0101',NULL),(36.45645645600000000,128.45645645600000000,'aaa1234','2023-04-11 12:12:18'),(36.45645645600000000,128.45645645600000000,'aaa1234','2023-04-11 12:12:51'),(36.12312312300000000,128.12312312300000000,'aaa1234','2023-04-11 12:14:55'),(36.12312312300000000,128.12312312300000000,'aaa1234','2023-04-11 12:15:24'),(36.12312312300000000,128.12312312300000000,'aaa1234','2023-04-11 12:21:19'),(36.12312312300000000,128.12312312300000000,'aaa1234','2023-04-11 00:00:00'),(36.12312312300000000,128.12312312300000000,'aaa1234','2023-04-11 12:42:05'),(36.34123841329926000,127.38494503121511000,'rotest0101',NULL),(36.33590001193907000,127.38601031532549000,'rotest0101',NULL),(36.34408615601586000,127.38493676781815000,'rotest0101',NULL),(36.34289160808621000,127.37517287306565000,'asdasd123',NULL),(36.34581925312665600,127.38405412172915000,'asdasd123',NULL),(36.35493454995137000,127.38548037856020000,'aaa4567','2023-04-11 16:04:26'),(36.35228183435379600,127.38087736291864000,'aaa4567','2023-04-11 16:04:26'),(36.34698201277923000,127.38116346592702000,'aaa4567','2023-04-11 16:04:27'),(36.34380508233377000,127.38266294360366000,'aaa4567','2023-04-11 16:04:27'),(36.34295747079322000,127.38840667272234000,'aaa4567','2023-04-11 16:04:28'),(36.34929073261831000,127.39178018613362000,'aaa4567','2023-04-11 16:04:28'),(36.35582415510504000,127.38904992559422000,'aaa4567','2023-04-11 16:04:29'),(36.35613182002678000,127.38307978882440000,'aaa4567','2023-04-11 16:04:30'),(36.34977129880880400,127.37685463782672000,'aaa4567','2023-04-11 16:04:31'),(36.34576915657711000,127.37714726356654000,'aaa4567','2023-04-11 16:04:31'),(36.35814870198360000,127.38362446232440000,'aaa1234','2023-04-11 16:05:45'),(36.35523443398219000,127.39301320171627000,'aaa1234','2023-04-11 16:05:46'),(36.34751757457013000,127.39386561171035000,'aaa1234','2023-04-11 16:05:46'),(36.34228996292828000,127.39410662704569000,'aaa1234','2023-04-11 16:05:46'),(36.34178519499334000,127.38305407031014000,'aaa1234','2023-04-11 16:05:47'),(36.34263001443450500,127.37811238068407000,'aaa1234','2023-04-11 16:05:47'),(36.34885258456128000,127.38237571810143000,'aaa1234','2023-04-11 16:05:48'),(36.35809422346711000,127.37809803424554000,'aaa1234','2023-04-11 16:05:48'),(36.35453209696312600,127.37603087250066000,'aaa1234','2023-04-11 16:05:49'),(36.35053703231365000,127.38541413703786000,'aaa1234','2023-04-11 16:05:50'),(36.35737661322663400,127.38830003992332000,'aaa1234','2023-04-11 16:06:52'),(36.35476562329865400,127.38195899673815000,'aaa1234','2023-04-11 16:06:53'),(36.35494664926966400,127.39283349903549000,'aaa4567','2023-04-11 16:08:05'),(36.35236442769285500,127.38880989735350000,'aaa4567','2023-04-11 16:08:06'),(36.35079985079478600,127.39325828129960000,'aaa4567','2023-04-11 16:08:06'),(36.35843830081175600,127.39432172250770000,'aaa4567','2023-04-11 16:09:56'),(36.35418439086936000,127.39443395730336000,'aaa4567','2023-04-11 16:09:59'),(36.35636244373247000,127.37857987157604000,'aaa1234','2023-04-11 16:11:54'),(36.35400322379836500,127.38364868422111000,'aaa1234','2023-04-11 16:19:41'),(36.34962649500449000,127.38830611260411000,'aaa1234','2023-04-11 16:19:42'),(36.35149945918840000,127.38876103416229000,'asdasd123',NULL),(36.35485089200875000,127.37781496458567000,'aaa1234','2023-04-11 16:39:17'),(36.35529960580592000,127.38405612370072000,'aaa1234','2023-04-11 16:39:18'),(36.35505713030719000,127.39212102916332000,'aaa1234','2023-04-11 16:39:19'),(36.35124483882949400,127.37824315889780000,'aaa1234','2023-04-11 16:39:20'),(36.35169295857513600,127.38466227804064000,'aaa1234','2023-04-11 16:39:22'),(36.35134479242993400,127.39196872557605000,'aaa1234','2023-04-11 16:39:22'),(36.34608836036628000,127.37879748494130000,'aaa1234','2023-04-11 16:39:23'),(36.34639241107438000,127.38517091480574000,'aaa1234','2023-04-11 16:39:24'),(36.34662183691696000,127.39221240803265000,'aaa1234','2023-04-11 16:39:25'),(36.34315023899371500,127.38453114603085000,'aaa1234','2023-04-11 16:39:26'),(36.34729026439120000,127.38620020879438000,'ro12345','2023-04-12 10:24:11'),(36.35051864549849000,127.39107335469673000,'ro12345','2023-04-12 10:24:11'),(36.35330279329973000,127.38845805913697000,'ro12345','2023-04-12 10:24:12'),(36.35219689090191500,127.38488756941274000,'ro12345','2023-04-12 10:24:12'),(36.34325032366461000,127.38702684939696000,'ro12345','2023-04-12 10:24:13'),(36.34281207818380000,127.37753401841557000,'ro12345','2023-04-12 10:24:13'),(36.34239827074023000,127.38296795898160000,'ro12345','2023-04-12 10:24:15'),(36.34612665774109000,127.38931359122371000,'asdasd123','2023-04-12 10:40:58'),(36.35245294202394000,127.38373020246620000,'asdasd123','2023-04-12 10:48:21'),(36.35224887216375000,127.39108200849597000,'asdasd123','2023-04-12 10:48:34');
/*!40000 ALTER TABLE `map_tables` ENABLE KEYS */;
UNLOCK TABLES;

--
-- Table structure for table `userimage`
--

DROP TABLE IF EXISTS `userimage`;
/*!40101 SET @saved_cs_client     = @@character_set_client */;
/*!50503 SET character_set_client = utf8mb4 */;
CREATE TABLE `userimage` (
  `id` varchar(20) NOT NULL,
  `image` blob,
  PRIMARY KEY (`id`)
) ENGINE=InnoDB DEFAULT CHARSET=utf8mb4 COLLATE=utf8mb4_0900_ai_ci;
/*!40101 SET character_set_client = @saved_cs_client */;

--
-- Dumping data for table `userimage`
--

LOCK TABLES `userimage` WRITE;
/*!40000 ALTER TABLE `userimage` DISABLE KEYS */;
/*!40000 ALTER TABLE `userimage` ENABLE KEYS */;
UNLOCK TABLES;

--
-- Table structure for table `userinfo`
--

DROP TABLE IF EXISTS `userinfo`;
/*!40101 SET @saved_cs_client     = @@character_set_client */;
/*!50503 SET character_set_client = utf8mb4 */;
CREATE TABLE `userinfo` (
  `id` varchar(20) NOT NULL,
  `PW` varchar(128) DEFAULT NULL,
  `question` int DEFAULT NULL,
  `answer` varchar(20) DEFAULT NULL,
  `dogName` varchar(20) DEFAULT NULL,
  `dogGender` int DEFAULT NULL,
  PRIMARY KEY (`id`)
) ENGINE=InnoDB DEFAULT CHARSET=utf8mb4 COLLATE=utf8mb4_0900_ai_ci;
/*!40101 SET character_set_client = @saved_cs_client */;

--
-- Dumping data for table `userinfo`
--

LOCK TABLES `userinfo` WRITE;
/*!40000 ALTER TABLE `userinfo` DISABLE KEYS */;
INSERT INTO `userinfo` VALUES ('aaa1234','68a283c7dafd1f34a63e550f3e12a62effa9085cc32aeeba7df8241f311ba486e9cbedebc7d2f97c3b4da0f28b417dbfa38c5f3ab2fb0ca7daa70c0e9f55052a',1,'undefined','김민식',2),('aaa4567','f2106289c9e9af9a361a2f45d125d082293b6ea7b7f0e4da5a0e850b2a9bb28e2de284f40d1bf722c46b195b6d3637e312eb839589264c0646892cb96029621d',1,'undefined','김민식',2),('asdasd123','0c4f22c8d979def2ab3efdfe62f294372d0ec22c69b62334ad58b4306ceed310a0010414205660df0afa6850a1ad201f2b803af58475f18d43c7f0b9fe7777b5',2,'대전','우노',1),('eee1234','e553465e3d1ad816a8a8c33176a2ff00fb58f6f55502c89e7593242accc1b0d3c2a2b5fc300a085b5051ecbdd2195b05a53a198ec98d9f75d323cc3c563592f9',1,'대전','몽몽',1),('euni123','q1w2e3r4',1,'대전','몽몽',1),('jwttest1','62aea67cc9d21bd5c0f5e10de6d9733301e96f4e955433d1aefb12ec689fa7801cb1cb4ab4a751a2fe27fd1056fd061a12a0137f3eddbc90c0b18000edd55072',1,'jwttest1','jwttest1',1),('ro123123','6b96824311a0e7517804543f581beadb6623a07f8ae94dfa91c921f16a91904351561171481f580a80100e70186b47b450592391e49188ecaa29efd8e12cf98d',1,'대전','멍뭉이',2),('ro12345','a964fd585d662a81f74e433f3cba07ca0d3c49ec7d770ca012eff21bf59525abed853892c9079a70642585bc503fd39df834032a6ed6c3ce985c7f73eb124dfe',1,'대전','멍뭉이',2),('rotest0101','a826f0e42b008da46f76e425bdae978b4689f69d692c6eb54ee43958a0af6f2e7d2cf08debb1012939060801dbe41aaf8320b1d4b1c68a29fc9d55ff357c1669',1,'대전','또리',2),('undefined','undefined',1,'고양이섬','냐옹이',2),('yoone96','undefined',1,'고양이섬','윤이',2),('yoone9602','undefined',1,'고양이별','고양이',2),('yoone966','dkrlaos1',1,'고양이마을','귀요미',2);
/*!40000 ALTER TABLE `userinfo` ENABLE KEYS */;
UNLOCK TABLES;
/*!40103 SET TIME_ZONE=@OLD_TIME_ZONE */;

/*!40101 SET SQL_MODE=@OLD_SQL_MODE */;
/*!40014 SET FOREIGN_KEY_CHECKS=@OLD_FOREIGN_KEY_CHECKS */;
/*!40014 SET UNIQUE_CHECKS=@OLD_UNIQUE_CHECKS */;
/*!40101 SET CHARACTER_SET_CLIENT=@OLD_CHARACTER_SET_CLIENT */;
/*!40101 SET CHARACTER_SET_RESULTS=@OLD_CHARACTER_SET_RESULTS */;
/*!40101 SET COLLATION_CONNECTION=@OLD_COLLATION_CONNECTION */;
/*!40111 SET SQL_NOTES=@OLD_SQL_NOTES */;

-- Dump completed on 2023-04-12 12:18:20
