-- MySQL dump 10.13  Distrib 8.0.32, for Win64 (x86_64)
--
-- Host: localhost    Database: mungta
-- ------------------------------------------------------
-- Server version	8.0.32

/*!40101 SET @OLD_CHARACTER_SET_CLIENT=@@CHARACTER_SET_CLIENT */;
/*!40101 SET @OLD_CHARACTER_SET_RESULTS=@@CHARACTER_SET_RESULTS */;
/*!40101 SET @OLD_COLLATION_CONNECTION=@@COLLATION_CONNECTION */;
/*!50503 SET NAMES utf8 */;
/*!40103 SET @OLD_TIME_ZONE=@@TIME_ZONE */;
/*!40103 SET TIME_ZONE='+00:00' */;
/*!40014 SET @OLD_UNIQUE_CHECKS=@@UNIQUE_CHECKS, UNIQUE_CHECKS=0 */;
/*!40014 SET @OLD_FOREIGN_KEY_CHECKS=@@FOREIGN_KEY_CHECKS, FOREIGN_KEY_CHECKS=0 */;
/*!40101 SET @OLD_SQL_MODE=@@SQL_MODE, SQL_MODE='NO_AUTO_VALUE_ON_ZERO' */;
/*!40111 SET @OLD_SQL_NOTES=@@SQL_NOTES, SQL_NOTES=0 */;

--
-- Table structure for table `alarm`
--

DROP TABLE IF EXISTS `alarm`;
/*!40101 SET @saved_cs_client     = @@character_set_client */;
/*!50503 SET character_set_client = utf8mb4 */;
CREATE TABLE `alarm` (
  `id` varchar(20) NOT NULL,
  `postlike` varchar(20) DEFAULT NULL,
  `follow` varchar(20) DEFAULT NULL,
  `comment` varchar(20) DEFAULT NULL,
  `comment_index` int DEFAULT NULL,
  `public_chat` varchar(40) DEFAULT NULL,
  `public_chat_code` varchar(40) DEFAULT NULL,
  `alarm_type` varchar(20) NOT NULL
) ENGINE=InnoDB DEFAULT CHARSET=utf8mb4 COLLATE=utf8mb4_0900_ai_ci;
/*!40101 SET character_set_client = @saved_cs_client */;

--
-- Dumping data for table `alarm`
--

LOCK TABLES `alarm` WRITE;
/*!40000 ALTER TABLE `alarm` DISABLE KEYS */;
INSERT INTO `alarm` VALUES ('ro12345',NULL,'zzz1234',NULL,NULL,NULL,NULL,'follow'),('ro12345',NULL,NULL,'zzz1234',24,NULL,NULL,'comment'),('bigbowl123','bigbowl123',NULL,NULL,10,NULL,NULL,'like'),('bigbowl123',NULL,NULL,'bigbowl123',27,NULL,NULL,'comment'),('ro12345','zzz1234',NULL,NULL,6,NULL,NULL,'like'),('ro12345','zzz1234',NULL,NULL,5,NULL,NULL,'like'),('bigbowl123','euni123',NULL,NULL,10,NULL,NULL,'like'),('bigbowl123',NULL,NULL,'euni123',10,NULL,NULL,'comment'),('ro12345',NULL,'asdasd123',NULL,NULL,NULL,NULL,'follow'),('asdasd1234',NULL,'ro12345',NULL,NULL,NULL,NULL,'follow'),('qwer123',NULL,'ro12345',NULL,NULL,NULL,NULL,'follow'),('asdasd1234',NULL,NULL,'euni123',16,NULL,NULL,'comment'),('asdasd1234','ro12345',NULL,NULL,16,NULL,NULL,'like'),('asdasd1234',NULL,NULL,'euni123',16,NULL,NULL,'comment'),('asdasd1234',NULL,NULL,'ro12345',16,NULL,NULL,'comment'),('asdasd1234','zzz1234',NULL,NULL,16,NULL,NULL,'like'),('bigbowl123',NULL,NULL,'euni123',10,NULL,NULL,'comment'),('asdasd1234',NULL,NULL,'euni123',16,NULL,NULL,'comment'),('asdasd1234','euni123',NULL,NULL,16,NULL,NULL,'like'),('bigbowl123','imagetest3',NULL,NULL,10,NULL,NULL,'like'),('asdasd1234',NULL,NULL,'bigbowl123',16,NULL,NULL,'comment'),('zzz1234',NULL,'euni123',NULL,NULL,NULL,NULL,'follow'),('asdasd1234','asdasd1234',NULL,NULL,16,NULL,NULL,'like'),('markertest11',NULL,'ro12345',NULL,NULL,NULL,NULL,'follow'),('imagetest2',NULL,'ro12345',NULL,NULL,NULL,NULL,'follow'),('asdasd1234','markertest18',NULL,NULL,16,NULL,NULL,'like'),('bigbowl123',NULL,NULL,'markertest18',10,NULL,NULL,'comment'),('asdasd123',NULL,NULL,'markertest18',8,NULL,NULL,'comment'),('imagetest2',NULL,NULL,NULL,NULL,'36.350&127.390',NULL,'public_chat'),('asdasd1234',NULL,NULL,NULL,NULL,'36.350&127.390',NULL,'public_chat'),('doglover1','doglover1',NULL,NULL,17,NULL,NULL,'like'),('asdasd1234',NULL,'doglover1',NULL,NULL,NULL,NULL,'follow'),('dunsanjjang32','dunsanjjang32',NULL,NULL,18,NULL,NULL,'like'),('doglover1','dunsanjjang32',NULL,NULL,17,NULL,NULL,'like'),('asdasd1234','dunsanjjang32',NULL,NULL,16,NULL,NULL,'like'),('dunsanjjang32','markertest1',NULL,NULL,18,NULL,NULL,'like'),('doglover1','markertest1',NULL,NULL,17,NULL,NULL,'like'),('dunsanjjang32','markertest2',NULL,NULL,18,NULL,NULL,'like'),('doglover1','markertest2',NULL,NULL,17,NULL,NULL,'like'),('dunsanjjang32',NULL,NULL,'asdasd123',18,NULL,NULL,'comment'),('ro12345',NULL,'euni123',NULL,NULL,NULL,NULL,'follow'),('imagetest1',NULL,'ro12345',NULL,NULL,NULL,NULL,'follow'),('imagetest1',NULL,'euni123',NULL,NULL,NULL,NULL,'follow'),('imagetest1',NULL,'test0101',NULL,NULL,NULL,NULL,'follow'),('dunsanjjang32',NULL,'test0101',NULL,NULL,NULL,NULL,'follow'),('dunsanjjang32','test0101',NULL,NULL,18,NULL,NULL,'like'),('doglover1','test0101',NULL,NULL,17,NULL,NULL,'like'),('test123',NULL,'euni123',NULL,NULL,NULL,NULL,'follow'),('asdasd1212',NULL,'euni123',NULL,NULL,NULL,NULL,'follow'),('doglover1','imagetest3',NULL,NULL,17,NULL,NULL,'like'),('asdasd1234','imagetest3',NULL,NULL,16,NULL,NULL,'like'),('ro123123',NULL,'euni123',NULL,NULL,NULL,NULL,'follow'),('asdasd123',NULL,'euni123',NULL,NULL,NULL,NULL,'follow'),('aaa1234',NULL,'euni123',NULL,NULL,NULL,NULL,'follow'),('aaa1234',NULL,NULL,'euni123',19,NULL,NULL,'comment'),('aaa1234','euni123',NULL,NULL,19,NULL,NULL,'like'),('dunsanjjang32','euni123',NULL,NULL,18,NULL,NULL,'like'),('bigbowl123',NULL,'euni123',NULL,NULL,NULL,NULL,'follow'),('aaa4567',NULL,'asdasd123',NULL,NULL,NULL,NULL,'follow'),('asdasd1234','asdasd123',NULL,NULL,16,NULL,NULL,'like'),('euni123',NULL,'asdasd123',NULL,NULL,NULL,NULL,'follow'),('euni123','asdasd1234',NULL,NULL,20,NULL,NULL,'like'),('doglover1','asdasd1234',NULL,NULL,17,NULL,NULL,'like'),('dunsanjjang32','asdasd1234',NULL,NULL,18,NULL,NULL,'like'),('aaa1234','asdasd1234',NULL,NULL,19,NULL,NULL,'like'),('bigbowl123','asdasd1234',NULL,NULL,10,NULL,NULL,'like'),('asdasd123','asdasd1234',NULL,NULL,8,NULL,NULL,'like'),('euni123','aaa1234',NULL,NULL,20,NULL,NULL,'like'),('dunsanjjang32','aaa1234',NULL,NULL,18,NULL,NULL,'like'),('doglover1','aaa1234',NULL,NULL,17,NULL,NULL,'like'),('asdasd1234','aaa1234',NULL,NULL,16,NULL,NULL,'like'),('bigbowl123','aaa1234',NULL,NULL,10,NULL,NULL,'like');
/*!40000 ALTER TABLE `alarm` ENABLE KEYS */;
UNLOCK TABLES;

--
-- Table structure for table `chat_room`
--

DROP TABLE IF EXISTS `chat_room`;
/*!40101 SET @saved_cs_client     = @@character_set_client */;
/*!50503 SET character_set_client = utf8mb4 */;
CREATE TABLE `chat_room` (
  `id` varchar(20) DEFAULT NULL,
  `room` varchar(30) DEFAULT NULL,
  `unread` int DEFAULT NULL,
  `unread_time` datetime DEFAULT NULL,
  `room_name` varchar(30) DEFAULT NULL,
  KEY `id` (`id`),
  CONSTRAINT `chat_room_ibfk_1` FOREIGN KEY (`id`) REFERENCES `userinfo` (`id`)
) ENGINE=InnoDB DEFAULT CHARSET=utf8mb4 COLLATE=utf8mb4_0900_ai_ci;
/*!40101 SET character_set_client = @saved_cs_client */;

--
-- Dumping data for table `chat_room`
--

LOCK TABLES `chat_room` WRITE;
/*!40000 ALTER TABLE `chat_room` DISABLE KEYS */;
INSERT INTO `chat_room` VALUES ('asdasd123','asdasd123&ro123123',0,'2023-05-02 13:49:27','ro123123'),('ro123123','asdasd123&ro123123',1,'2023-05-02 13:49:27','asdasd123'),('asdasd123','asdasd123&imagetest3',0,'2023-05-02 13:49:30','imagetest3'),('imagetest3','asdasd123&imagetest3',1,'2023-05-02 13:49:30','asdasd123'),('asdasd123','asdasd123&ro12345',0,'2023-05-02 13:49:34','ro12345'),('ro12345','asdasd123&ro12345',0,'2023-05-02 13:49:34','asdasd123'),('asdasd123','asdasd123&euni123',0,'2023-05-02 13:49:44','euni123'),('euni123','asdasd123&euni123',0,'2023-05-02 13:49:44','asdasd123'),('imagetest2','!public!36.365&127.380',7,'2023-05-02 14:17:49','만년동 399'),('imagetest3','!public!36.350&127.385',1,'2023-05-02 14:18:49','둔산동 1420'),('imagetest3','!public!36.365&127.380',0,'2023-05-02 14:18:56','만년동 399'),('imagetest1','!public!36.365&127.380',0,'2023-05-02 15:25:20','만년동 399'),('aaa1234','!public!36.365&127.380',0,'2023-05-02 15:26:37','만년동 399'),('imagetest2','!public!36.360&127.380',0,'2023-05-02 17:01:25','둔산동 920'),('bigbowl123','!public!36.365&127.380',0,'2023-05-03 18:06:29','만년동 399'),('bigbowl123','asdasd1234&bigbowl123',1,'2023-05-03 18:07:36','asdasd1234'),('asdasd1234','asdasd1234&bigbowl123',0,'2023-05-03 18:07:36','bigbowl123'),('asdasd123','!public!36.365&127.380',0,'2023-05-03 18:10:00','만년동 399'),('ro12345','imagetest1&ro12345',0,'2023-05-04 11:51:30','imagetest1'),('imagetest1','imagetest1&ro12345',1,'2023-05-04 11:51:30','ro12345'),('ro12345','asdasd1234&ro12345',0,'2023-05-04 11:51:41','asdasd1234'),('asdasd1234','asdasd1234&ro12345',2,'2023-05-04 11:51:41','ro12345'),('ro12345','qwer123&ro12345',0,'2023-05-04 11:51:53','qwer123'),('qwer123','qwer123&ro12345',0,'2023-05-04 11:51:53','ro12345'),('ro12345','imagetest2&ro12345',0,'2023-05-04 11:52:19','imagetest2'),('imagetest2','imagetest2&ro12345',1,'2023-05-04 11:52:19','ro12345'),('markertest4','!public!36.320&127.410',2,'2023-05-08 14:05:01','문화동 1-43'),('euni123','asdasd1234&euni123',0,'2023-05-08 14:47:56','asdasd1234'),('asdasd1234','asdasd1234&euni123',1,'2023-05-08 14:47:56','euni123'),('markertest12','!public!36.330&127.390',0,'2023-05-09 09:54:25','가장동 26-4'),('markertest17','!public!36.000&127.345',0,'2023-05-09 10:00:59','산 1-2'),('markertest21','!public!36.315&127.430',3,'2023-05-09 10:06:57','부사동 209-1'),('markertest20','!public!36.315&127.430',2,'2023-05-09 10:07:14','부사동 209-1'),('markertest19','!public!36.315&127.430',1,'2023-05-09 10:07:37','부사동 209-1'),('markertest18','!public!36.315&127.430',0,'2023-05-09 10:07:56','부사동 209-1'),('markertest18','asdasd123&markertest18',1,'2023-05-09 10:12:55','asdasd123'),('asdasd123','asdasd123&markertest18',0,'2023-05-09 10:12:55','markertest18'),('asdasd123','!public!36.315&127.430',0,'2023-05-09 12:58:14','부사동 209-1'),('aaa1234','aaa1234&doglover1',0,'2023-05-09 17:54:09','doglover1'),('doglover1','aaa1234&doglover1',0,'2023-05-09 17:54:09','aaa1234'),('asdasd123','asdasd123&doglover1',0,'2023-05-10 09:31:11','doglover1'),('doglover1','asdasd123&doglover1',0,'2023-05-10 09:31:11','asdasd123'),('euni123','!public!36.350&127.385',0,'2023-05-10 14:18:27','둔산동 1420'),('euni123','!public!36.370&127.390',0,'2023-05-10 14:19:07','만년동 396'),('aaa1234','aaa1234&aaa4567',0,'2023-05-10 14:33:55','aaa4567'),('aaa4567','aaa1234&aaa4567',0,'2023-05-10 14:33:55','aaa1234'),('aaa1234','aaa1234&asdasd123',0,'2023-05-10 14:49:24','asdasd123'),('asdasd123','aaa1234&asdasd123',0,'2023-05-10 14:49:24','aaa1234'),('euni123','doglover1&euni123',0,'2023-05-10 15:52:04','doglover1'),('doglover1','doglover1&euni123',1,'2023-05-10 15:52:04','euni123'),('euni123','!public!36.340&127.405',0,'2023-05-10 15:53:25','중촌동 311-12'),('euni123','euni123&ro12345',0,'2023-05-10 15:54:07','ro12345'),('ro12345','euni123&ro12345',1,'2023-05-10 15:54:07','euni123'),('asdasd123','aaa4567&asdasd123',0,'2023-05-10 17:06:49','aaa4567'),('aaa4567','aaa4567&asdasd123',0,'2023-05-10 17:06:49','asdasd123'),('asdasd123','asdasd123&dunsanjjang32',0,'2023-05-10 17:14:50','dunsanjjang32'),('dunsanjjang32','asdasd123&dunsanjjang32',0,'2023-05-10 17:14:50','asdasd123'),('asdasd123','!public!36.350&127.390',0,'2023-05-10 17:35:52','둔산동 1498');
/*!40000 ALTER TABLE `chat_room` ENABLE KEYS */;
UNLOCK TABLES;

--
-- Table structure for table `chat_text`
--

DROP TABLE IF EXISTS `chat_text`;
/*!40101 SET @saved_cs_client     = @@character_set_client */;
/*!50503 SET character_set_client = utf8mb4 */;
CREATE TABLE `chat_text` (
  `id` varchar(20) DEFAULT NULL,
  `text` varchar(50) DEFAULT NULL,
  `room` varchar(30) DEFAULT NULL,
  `time` datetime DEFAULT NULL,
  KEY `id` (`id`),
  CONSTRAINT `chat_text_ibfk_1` FOREIGN KEY (`id`) REFERENCES `userinfo` (`id`)
) ENGINE=InnoDB DEFAULT CHARSET=utf8mb4 COLLATE=utf8mb4_0900_ai_ci;
/*!40101 SET character_set_client = @saved_cs_client */;

--
-- Dumping data for table `chat_text`
--

LOCK TABLES `chat_text` WRITE;
/*!40000 ALTER TABLE `chat_text` DISABLE KEYS */;
INSERT INTO `chat_text` VALUES ('imagetest2','asd','!public!36.365&127.380','2023-05-02 14:18:18'),('asdasd123','123','!public!36.365&127.380','2023-05-02 14:18:21'),('imagetest3','123123','!public!36.365&127.380','2023-05-02 14:19:01'),('imagetest3','123123','!public!36.365&127.380','2023-05-02 14:19:03'),('imagetest1','안녕하세여','!public!36.365&127.380','2023-05-02 15:25:29'),('aaa1234','형님왔따','!public!36.365&127.380','2023-05-02 15:26:41'),('asdasd123','1','!public!36.365&127.380','2023-05-02 15:37:30'),('asdasd123','1','!public!36.365&127.380','2023-05-02 15:37:49'),('asdasd123','1','!public!36.365&127.380','2023-05-02 15:37:53'),('asdasd123','1','!public!36.365&127.380','2023-05-02 15:38:49'),('asdasd123','1','!public!36.365&127.380','2023-05-02 15:38:54'),('asdasd123','1','asdasd123&imagetest3','2023-05-02 15:39:12'),('asdasd123','1','asdasd123&imagetest3','2023-05-02 15:39:29'),('asdasd123','1','asdasd123&imagetest3','2023-05-02 15:39:33'),('asdasd123','123','asdasd123&ro123123','2023-05-02 15:45:37'),('asdasd123','123','asdasd123&euni123','2023-05-02 15:45:43'),('asdasd123','123','!public!36.360&127.380','2023-05-02 16:35:24'),('imagetest2','하이요','!public!36.360&127.380','2023-05-02 17:01:29'),('asdasd123','123','asdasd123&imagetest3','2023-05-02 17:37:58'),('asdasd123','123','asdasd123&imagetest3','2023-05-02 17:41:47'),('asdasd123','11','asdasd123&imagetest3','2023-05-02 17:43:27'),('asdasd123','123123','asdasd123&imagetest3','2023-05-02 17:43:54'),('imagetest3','123123123','!public!36.365&127.380','2023-05-02 17:44:58'),('imagetest3','123123123','asdasd123&imagetest3','2023-05-02 17:45:01'),('asdasd123','123','!public!36.350&127.390','2023-05-02 17:50:51'),('asdasd123','123','!public!36.350&127.390','2023-05-02 17:50:54'),('asdasd123','123','asdasd123&imagetest3','2023-05-02 17:52:53'),('asdasd123','123','asdasd123&imagetest3','2023-05-02 17:52:59'),('asdasd123','안녕하세요 산책 같이 하실 분 있나요?','!public!36.340&127.405','2023-05-03 09:36:01'),('asdasd123','오늘 저녁 6시에 산책하시는 분 있나요?','!public!36.365&127.380','2023-05-03 13:07:48'),('imagetest2','저요!','!public!36.365&127.380','2023-05-03 16:49:16'),('imagetest2','같이 산책하실래요?','!public!36.365&127.380','2023-05-03 16:49:20'),('imagetest2','하이라구요!','!public!36.360&127.380','2023-05-03 17:02:59'),('asdasd123','오늘 산책 하셨나요?','asdasd123&imagetest3','2023-05-03 17:14:33'),('bigbowl123','안녕하세요 반갑습니다 다들','!public!36.365&127.380','2023-05-03 18:06:40'),('bigbowl123','머해요','asdasd1234&bigbowl123','2023-05-03 18:07:40'),('bigbowl123','안녕하세요','!public!36.365&127.380','2023-05-03 18:09:30'),('asdasd123','하이염','!public!36.365&127.380','2023-05-03 18:10:09'),('bigbowl123','하이염','!public!36.365&127.380','2023-05-03 18:10:12'),('asdasd1234','안녕하세요','asdasd1234&bigbowl123','2023-05-04 09:48:34'),('ro12345','ㅎㅇ','imagetest1&ro12345','2023-05-04 11:51:32'),('ro12345','111','asdasd1234&ro12345','2023-05-04 11:51:43'),('ro12345','ㅎㅇㅇ','qwer123&ro12345','2023-05-04 11:51:57'),('ro12345','??','asdasd123&ro12345','2023-05-04 11:52:04'),('ro12345','안녕하십니까','imagetest2&ro12345','2023-05-04 11:52:24'),('qwer123','ㅎㅇㅇ','qwer123&ro12345','2023-05-04 11:59:40'),('qwer123','내일 산책 가실래요?','qwer123&ro12345','2023-05-04 11:59:47'),('euni123','222','asdasd123&euni123','2023-05-04 12:26:57'),('euni123','안녕하세요ㅕ','!public!36.365&127.380','2023-05-04 14:34:18'),('asdasd123','ㅎ2ㅎ2','!public!36.365&127.380','2023-05-04 14:34:37'),('asdasd123','123123','asdasd123&euni123','2023-05-04 14:35:00'),('euni123','123123','asdasd123&euni123','2023-05-04 14:35:03'),('asdasd123','하이염','!public!36.365&127.380','2023-05-08 09:49:52'),('ro12345','123','asdasd1234&ro12345','2023-05-08 12:14:05'),('markertest20','안녕하세요','!public!36.315&127.430','2023-05-09 10:07:20'),('markertest19','하이염','!public!36.315&127.430','2023-05-09 10:07:41'),('markertest18','하이염','!public!36.315&127.430','2023-05-09 10:08:00'),('markertest18','123','!public!36.355&127.370','2023-05-09 10:12:46'),('markertest18','123','asdasd123&markertest18','2023-05-09 10:12:57'),('asdasd123','h2','asdasd123&markertest18','2023-05-09 18:13:06'),('euni123','hihi','!public!36.350&127.390','2023-05-10 14:15:33'),('euni123','huhui','!public!36.350&127.385','2023-05-10 14:18:35'),('euni123','ytytrytry','!public!36.370&127.390','2023-05-10 14:19:10'),('euni123','gdgdgd','asdasd123&euni123','2023-05-10 15:01:20'),('euni123','팔렸나요?','doglover1&euni123','2023-05-10 15:52:10'),('euni123','저요','!public!36.340&127.405','2023-05-10 15:53:29'),('euni123','?','asdasd1234&euni123','2023-05-10 15:53:42'),('euni123','고양이 좋아하세요?','euni123&ro12345','2023-05-10 15:54:14'),('asdasd123','안녕하세요','!public!36.320&127.410','2023-05-10 17:04:20'),('imagetest1','반가워요','!public!36.320&127.410','2023-05-10 17:04:27');
/*!40000 ALTER TABLE `chat_text` ENABLE KEYS */;
UNLOCK TABLES;

--
-- Table structure for table `cm_post`
--

DROP TABLE IF EXISTS `cm_post`;
/*!40101 SET @saved_cs_client     = @@character_set_client */;
/*!50503 SET character_set_client = utf8mb4 */;
CREATE TABLE `cm_post` (
  `cm_index` int NOT NULL AUTO_INCREMENT,
  `cm_id` varchar(20) NOT NULL,
  `cm_detail` varchar(1000) NOT NULL,
  `cm_img` varchar(30) DEFAULT NULL,
  `cm_date` datetime NOT NULL DEFAULT CURRENT_TIMESTAMP,
  `post_index` int NOT NULL,
  PRIMARY KEY (`cm_index`),
  KEY `post_index` (`post_index`),
  CONSTRAINT `cm_post_ibfk_1` FOREIGN KEY (`post_index`) REFERENCES `dangstar` (`post_index`)
) ENGINE=InnoDB AUTO_INCREMENT=52 DEFAULT CHARSET=utf8mb4 COLLATE=utf8mb4_0900_ai_ci;
/*!40101 SET character_set_client = @saved_cs_client */;

--
-- Dumping data for table `cm_post`
--

LOCK TABLES `cm_post` WRITE;
/*!40000 ALTER TABLE `cm_post` DISABLE KEYS */;
INSERT INTO `cm_post` VALUES (1,'ro12345','1-1comment test',NULL,'2023-05-02 12:09:20',1),(3,'ro12345','1-3 댓글 test',NULL,'2023-05-02 12:10:02',1),(4,'ro12345','2-1 댓글 테스트',NULL,'2023-05-02 12:10:12',2),(5,'ro12345','2-2 comment test',NULL,'2023-05-02 12:10:22',2),(6,'ro12345','2-3 comment test',NULL,'2023-05-02 12:10:30',2),(7,'ro12345','7-1 댓글 테스트',NULL,'2023-05-02 12:58:38',7),(9,'ro12345','5-1 comment test',NULL,'2023-05-02 12:59:03',5),(11,'ro12345','7-3 comment test',NULL,'2023-05-02 16:44:32',7),(12,'ro12345','7-4 댓글 테스트... 7-2를 지워버렸다',NULL,'2023-05-02 16:59:09',7),(13,'ro12345','1-4 댓글 테스트',NULL,'2023-05-02 17:02:12',1),(14,'asdasd123','ㅁㄴㅇ',NULL,'2023-05-02 18:01:46',8),(15,'asdasd123','ㅋㅋㅋ',NULL,'2023-05-02 18:02:02',8),(16,'ro12345','adfsa',NULL,'2023-05-03 09:51:00',8),(18,'ro12345','test0011',NULL,'2023-05-03 15:46:53',8),(20,'euni123','으아아아아아아아ㅏㅇ아ㅏㅇ',NULL,'2023-05-03 16:00:25',7),(21,'euni123','ㅇㅇㅇㅇㅇㅇ',NULL,'2023-05-03 16:05:01',8),(22,'euni123','이야아ㅏ아아랴야야ㅏ앙',NULL,'2023-05-03 16:05:46',4),(23,'euni123','ㅁㅁㅁㅁㅁㅁㅁㅁ',NULL,'2023-05-03 16:41:27',3),(24,'zzz1234','테스트트트트ㅡ트트틑',NULL,'2023-05-03 17:04:22',4),(25,'imagetest2','123',NULL,'2023-05-03 17:05:02',8),(26,'zzz1234','오오오오오오오오오옹',NULL,'2023-05-03 17:12:17',9),(27,'bigbowl123','ㅋㅋㅋㅋ',NULL,'2023-05-03 18:09:14',10),(28,'zzz1234','테스트트트트ㅡ트트틑',NULL,'2023-05-03 18:23:58',12),(29,'zzz1234','오오오오오오오오오옹',NULL,'2023-05-03 18:24:03',11),(30,'zzz1234','테스트트트트ㅡ트트틑',NULL,'2023-05-03 18:31:00',15),(31,'zzz1234','오오오오오오오오오옹',NULL,'2023-05-03 18:31:03',14),(32,'zzz1234','이야아ㅏ아아랴야야ㅏ앙',NULL,'2023-05-03 18:31:08',14),(33,'euni123','으아아아아아아아ㅏㅇ아ㅏㅇ',NULL,'2023-05-03 19:05:47',10),(34,'euni123','오오오오오오오오오옹',NULL,'2023-05-04 11:56:50',16),(35,'euni123','아주 귀엽네요^^',NULL,'2023-05-04 11:57:01',16),(36,'ro12345','이쁘네요',NULL,'2023-05-04 11:57:15',16),(37,'zzz1234','테스트트트트ㅡ트트틑',NULL,'2023-05-04 12:16:26',15),(38,'asdasd123','ㅋㅌㅊㅍㅊㅌㅍ',NULL,'2023-05-04 12:24:28',15),(39,'zzz1234','이야아ㅏ아아랴야야ㅏ앙',NULL,'2023-05-04 12:28:35',15),(40,'euni123','ㅋㅌㅊㅍㅊㅌㅍ',NULL,'2023-05-04 12:29:34',10),(41,'euni123','테스트트트트ㅡ트트틑',NULL,'2023-05-04 12:29:59',8),(42,'asdasd123','이야아ㅏ아아랴야야ㅏ앙',NULL,'2023-05-04 12:30:33',8),(43,'ro12345','test00000',NULL,'2023-05-04 12:45:57',7),(45,'bigbowl123','넹',NULL,'2023-05-08 16:08:19',16),(46,'asdasd1234','맞아요 너무 귀엽네요',NULL,'2023-05-08 16:30:45',16),(47,'markertest18','zzzz',NULL,'2023-05-09 13:24:18',10),(49,'asdasd123','강아지 너무 귀엽게생겼어요',NULL,'2023-05-10 09:30:49',18),(50,'rrr1234','오빠 너무 멋있어요',NULL,'2023-05-10 14:29:01',19),(51,'euni123','오오오오오오오오오옹',NULL,'2023-05-10 15:51:24',19);
/*!40000 ALTER TABLE `cm_post` ENABLE KEYS */;
UNLOCK TABLES;

--
-- Table structure for table `dangstar`
--

DROP TABLE IF EXISTS `dangstar`;
/*!40101 SET @saved_cs_client     = @@character_set_client */;
/*!50503 SET character_set_client = utf8mb4 */;
CREATE TABLE `dangstar` (
  `post_index` int NOT NULL AUTO_INCREMENT,
  `post_id` varchar(20) NOT NULL,
  `img` varchar(50) DEFAULT NULL,
  `post_detail` varchar(2000) NOT NULL,
  `post_date` datetime NOT NULL DEFAULT CURRENT_TIMESTAMP,
  `post_like` json DEFAULT NULL,
  PRIMARY KEY (`post_index`)
) ENGINE=InnoDB AUTO_INCREMENT=21 DEFAULT CHARSET=utf8mb4 COLLATE=utf8mb4_0900_ai_ci;
/*!40101 SET character_set_client = @saved_cs_client */;

--
-- Dumping data for table `dangstar`
--

LOCK TABLES `dangstar` WRITE;
/*!40000 ALTER TABLE `dangstar` DISABLE KEYS */;
INSERT INTO `dangstar` VALUES (1,'ro12345','null','첫번째 게시글 test 01','2023-05-02 12:09:07','{\"likeUser\": [\"euni123\"]}'),(2,'ro12345','null','두번째 게시글 test 02','2023-05-02 12:09:32','{\"likeUser\": []}'),(3,'ro12345','null','세번째 게시글 test 03','2023-05-02 12:10:57','{\"likeUser\": []}'),(4,'ro12345','null','4번째 게시글 test 04','2023-05-02 12:11:07','{\"likeUser\": []}'),(5,'ro12345','null','5번째 게시글 test 05','2023-05-02 12:11:27','{\"likeUser\": [\"euni123\", \"zzz1234\"]}'),(6,'ro12345','null','6번째 게시글 test 06','2023-05-02 12:11:40','{\"likeUser\": [\"euni123\", \"zzz1234\"]}'),(7,'ro12345','null','7번째 게시글 test 07','2023-05-02 12:14:50','{\"likeUser\": []}'),(8,'asdasd123','asdasd123-2023-5-2-18-0-6.jpg','','2023-05-02 18:00:06','{\"likeUser\": [\"asdasd123\", \"euni123\", \"zzz1234\", \"asdasd1234\", \"aaa1234\"]}'),(9,'euni123','null','ㄱㅎㅀㄹㅇㅎㅇㅀ','2023-05-03 17:12:00','{\"likeUser\": [\"zzz1234\", \"ro12345\"]}'),(10,'bigbowl123','bigbowl123-2023-5-3-18-7-10.gif','할쨕','2023-05-03 18:07:10','{\"likeUser\": [\"bigbowl123\", \"euni123\", \"imagetest3\", \"asdasd1234\", \"aaa1234\"]}'),(11,'euni123','null','rrrrrrrr','2023-05-03 18:18:34','{\"likeUser\": [\"zzz1234\"]}'),(12,'euni123','null','sssss','2023-05-03 18:18:40','{\"likeUser\": [\"zzz1234\"]}'),(13,'euni123','null','mjdkajdlkjd','2023-05-03 18:30:33','{\"likeUser\": [\"asdasd123\"]}'),(14,'euni123','null','titirkthkrjtk','2023-05-03 18:30:40','{\"likeUser\": [\"euni123\", \"zzz1234\"]}'),(15,'euni123','null','ㅋㅋㅋㅋㅋㅋㅋㅋㅋㅋ','2023-05-03 18:30:47','{\"likeUser\": [\"euni123\", \"zzz1234\", \"ro12345\", \"test0101\"]}'),(16,'asdasd1234','asdasd1234-2023-5-4-10-2-16.jfif','윤돌이 2개월 강아지입니다. 이쁘죠?','2023-05-04 10:02:18','{\"likeUser\": [\"ro12345\", \"zzz1234\", \"euni123\", \"asdasd1234\", \"markertest18\", \"dunsanjjang32\", \"imagetest3\", \"asdasd123\", \"aaa1234\"]}'),(17,'doglover1','doglover1-2023-5-9-17-34-31.jpg','안녕하세요 처음 가입해서 인사드려요~~ 갈마동쪽 주민분들도 계신가요?','2023-05-09 17:34:31','{\"likeUser\": [\"doglover1\", \"dunsanjjang32\", \"markertest1\", \"markertest2\", \"test0101\", \"imagetest3\", \"asdasd1234\", \"aaa1234\"]}'),(18,'dunsanjjang32','dunsanjjang32-2023-5-9-17-44-55.jpg','우리 강아지도 저럴 때가 있었는데 어느새 컸지..?','2023-05-09 17:44:55','{\"likeUser\": [\"dunsanjjang32\", \"markertest1\", \"markertest2\", \"test0101\", \"euni123\", \"asdasd1234\", \"aaa1234\"]}'),(19,'aaa1234','aaa1234-2023-5-10-14-27-13.png','나이 3살인데 나랑 같이 산책 갈 사람 디엠해 오빠가 연락할게','2023-05-10 14:27:14','{\"likeUser\": [\"aaa1234\", \"aaa4567\", \"rrr1234\", \"asdasd123\", \"imagetest3\", \"euni123\", \"asdasd1234\"]}'),(20,'euni123','euni123-2023-5-10-15-51-5.png','^^ ^_^','2023-05-10 15:51:05','{\"likeUser\": [\"asdasd1234\", \"aaa1234\"]}');
/*!40000 ALTER TABLE `dangstar` ENABLE KEYS */;
UNLOCK TABLES;

--
-- Table structure for table `fr_list`
--

DROP TABLE IF EXISTS `fr_list`;
/*!40101 SET @saved_cs_client     = @@character_set_client */;
/*!50503 SET character_set_client = utf8mb4 */;
CREATE TABLE `fr_list` (
  `user_id` varchar(20) DEFAULT NULL,
  `fr_id` varchar(20) DEFAULT NULL,
  `star` tinyint(1) DEFAULT NULL,
  KEY `id` (`user_id`),
  CONSTRAINT `fr_list_ibfk_1` FOREIGN KEY (`user_id`) REFERENCES `userinfo` (`id`)
) ENGINE=InnoDB DEFAULT CHARSET=utf8mb4 COLLATE=utf8mb4_0900_ai_ci;
/*!40101 SET character_set_client = @saved_cs_client */;

--
-- Dumping data for table `fr_list`
--

LOCK TABLES `fr_list` WRITE;
/*!40000 ALTER TABLE `fr_list` DISABLE KEYS */;
INSERT INTO `fr_list` VALUES ('aaa1234','asdasd123',1),('aaa1234','aaa4567',1),('aaa1234','ro12345',0),('asdasd123','ro123123',0),('ro12345','aaa1234',0),('ro12345','aaa4567',1),('test123','asdasd123',0),('aaa1234','test123',0),('asdasd123','test123',0),('asdasd123','imagetest3',1),('undefined','aaa1234',1),('test123','imagetest2',0),('ro12345','imagetest3',1),('ro12345','asdasd123',0),('asdasd123','imagetest1',0),('asdasd123','imagetest2',1),('zzz1234','asdasd1234',1),('zzz1234','asdasd123',0),('undefined','asdasd123',1),('asdasd1234','asdasd123',0),('qwer123','asdasd1234',0),('qwer123','asdasd123',0),('zzz1234','imagetest2',0),('zzz1234','imagetest3',0),('imagetest2','ro12345',0),('imagetest2','asdasd1234',0),('asdasd123','asdasd1234',0),('bigbowl123','asdasd1234',1),('asdasd123','ro12345',0),('ro12345','asdasd1234',0),('ro12345','qwer123',0),('zzz1234','euni123',0),('euni123','zzz1234',1),('ro12345','markertest11',0),('ro12345','imagetest2',0),('doglover1','asdasd1234',0),('euni123','ro12345',0),('ro12345','imagetest1',0),('euni123','imagetest1',0),('test0101','imagetest1',0),('test0101','dunsanjjang32',0),('euni123','test123',0),('ro12345','euni123',0),('euni123','asdasd1212',0),('euni123','ro123123',0),('euni123','asdasd123',0),('euni123','aaa1234',1),('euni123','bigbowl123',0),('asdasd123','aaa4567',0),('asdasd123','euni123',1);
/*!40000 ALTER TABLE `fr_list` ENABLE KEYS */;
UNLOCK TABLES;

--
-- Table structure for table `map_tables`
--

DROP TABLE IF EXISTS `map_tables`;
/*!40101 SET @saved_cs_client     = @@character_set_client */;
/*!50503 SET character_set_client = utf8mb4 */;
CREATE TABLE `map_tables` (
  `latitude` decimal(19,17) DEFAULT NULL,
  `longitude` decimal(20,17) DEFAULT NULL,
  `id` varchar(20) NOT NULL,
  `addData` datetime DEFAULT NULL,
  KEY `id` (`id`),
  CONSTRAINT `map_tables_ibfk_1` FOREIGN KEY (`id`) REFERENCES `userinfo` (`id`)
) ENGINE=InnoDB DEFAULT CHARSET=utf8mb4 COLLATE=utf8mb4_0900_ai_ci;
/*!40101 SET character_set_client = @saved_cs_client */;

--
-- Dumping data for table `map_tables`
--

LOCK TABLES `map_tables` WRITE;
/*!40000 ALTER TABLE `map_tables` DISABLE KEYS */;
INSERT INTO `map_tables` VALUES (36.35008667194413000,127.39089294935074000,'rotest0101',NULL),(36.34538382840594000,127.38494315475673000,'rotest0101',NULL),(36.34675502793881000,127.38450431059579000,'rotest0101',NULL),(36.34768013325101000,127.38825188801233000,'rotest0101',NULL),(36.34957721501378000,127.38122067659747000,'rotest0101',NULL),(36.34099630684209000,127.38175808112497000,'rotest0101',NULL),(36.35295257297356000,127.38529235521435000,'rotest0101',NULL),(36.35460418982944000,127.37603121924309000,'rotest0101',NULL),(36.34779275246787500,127.38687108929976000,'rotest0101',NULL),(36.34407314228566600,127.37771833682334000,'rotest0101',NULL),(36.34336522678782400,127.38493321969547000,'rotest0101',NULL),(36.34638086845235000,127.38873558809298000,'rotest0101',NULL),(36.34593753986579000,127.39203074075600000,'rotest0101',NULL),(36.34399424458241000,127.39104072930023000,'rotest0101',NULL),(36.34275143185503000,127.38524209837685000,'rotest0101',NULL),(36.34676445423300000,127.38156343974810000,'rotest0101',NULL),(36.34676445423300000,127.38156343974810000,'rotest0101',NULL),(36.35283419023074500,127.38845573096269000,'rotest0101',NULL),(36.35236137912407600,127.38974569534857000,'rotest0101',NULL),(36.34913347904860000,127.39574529918468000,'rotest0101',NULL),(36.34520324115728000,127.39608187842364000,'rotest0101',NULL),(36.34127830976863000,127.39481442918200000,'rotest0101',NULL),(36.34085936974809500,127.39066860924177000,'rotest0101',NULL),(36.34781866019323400,127.38999041352209000,'rotest0101',NULL),(36.33694320008234000,127.38668376874541000,'rotest0101',NULL),(36.35184771382869000,127.38136543299763000,'rotest0101',NULL),(36.35217415154836000,127.39188375833973000,'rotest0101',NULL),(36.35051294536711000,127.39281122365306000,'rotest0101',NULL),(36.33937254991851000,127.39337904645934000,'rotest0101',NULL),(36.34883085436567000,127.37787499796826000,'rotest0101',NULL),(36.34093427722665000,127.37859429995613000,'rotest0101',NULL),(36.34273136801499000,127.38025160950477000,'rotest0101',NULL),(36.35633343894684000,127.38762638653705000,'rotest0101',NULL),(36.35735525227013000,127.38375426475787000,'rotest0101',NULL),(36.35841746005472400,127.38968675555468000,'rotest0101',NULL),(36.35516234126730000,127.39301283930646000,'rotest0101',NULL),(36.35837105245802500,127.39285070693157000,'rotest0101',NULL),(36.35232271384711000,127.39054762775426000,'rotest0101',NULL),(36.35836926524890000,127.38228856575356000,'rotest0101',NULL),(36.34867576956716600,127.38130540289889000,'rotest0101',NULL),(36.34771502096990000,127.38860854029708000,'rotest0101',NULL),(36.34533349110118000,127.38935420142866000,'rotest0101',NULL),(36.34522549696719600,127.38930910532817000,'rotest0101',NULL),(36.34522549696719600,127.38930910532817000,'rotest0101',NULL),(36.34522549696719600,127.38930910532817000,'rotest0101',NULL),(36.34522549696719600,127.38930910532817000,'rotest0101',NULL),(36.34715939920377500,127.38205552207799000,'rotest0101',NULL),(36.35391965152517500,127.39817594798872000,'rotest0101',NULL),(36.35376742330890000,127.40058159180825000,'rotest0101',NULL),(36.36182113109014600,127.38497952412710000,'rotest0101',NULL),(36.35034451357032000,127.40011844224130000,'rotest0101',NULL),(36.34612589445666000,127.40045332961381000,'rotest0101',NULL),(36.34157986221076000,127.40167763276415000,'rotest0101',NULL),(36.33845426545425000,127.39854276194801000,'rotest0101',NULL),(36.34352096523080000,127.40329167031764000,'rotest0101',NULL),(36.34637806978459000,127.40049917997983000,'rotest0101',NULL),(36.34727213396019600,127.39177007317475000,'rotest0101',NULL),(36.34076340626229000,127.38692543239614000,'rotest0101',NULL),(36.34284788248350000,127.38885169963679000,'rotest0101',NULL),(36.34215747885249000,127.39054142255713000,'rotest0101',NULL),(36.34413813868342000,127.39113056441663000,'rotest0101',NULL),(36.35026850634301000,127.39040368363588000,'rotest0101',NULL),(36.35691912829699400,127.37350214032395000,'rotest0101',NULL),(36.35165174214581000,127.37494752841785000,'rotest0101',NULL),(36.35393712137804600,127.37032388876203000,'rotest0101',NULL),(36.34305425116724000,127.36924753840121000,'rotest0101',NULL),(36.35178173402869000,127.40150722437019000,'rotest0101',NULL),(36.34123841329926000,127.38494503121511000,'rotest0101',NULL),(36.33590001193907000,127.38601031532549000,'rotest0101',NULL),(36.34408615601586000,127.38493676781815000,'rotest0101',NULL),(36.34289160808621000,127.37517287306565000,'asdasd123',NULL),(36.34581925312665600,127.38405412172915000,'asdasd123',NULL),(36.35149945918840000,127.38876103416229000,'asdasd123',NULL),(36.34729026439120000,127.38620020879438000,'ro12345','2023-04-12 10:24:11'),(36.35051864549849000,127.39107335469673000,'ro12345','2023-04-12 10:24:11'),(36.35330279329973000,127.38845805913697000,'ro12345','2023-04-12 10:24:12'),(36.35219689090191500,127.38488756941274000,'ro12345','2023-04-12 10:24:12'),(36.34325032366461000,127.38702684939696000,'ro12345','2023-04-12 10:24:13'),(36.34281207818380000,127.37753401841557000,'ro12345','2023-04-12 10:24:13'),(36.34239827074023000,127.38296795898160000,'ro12345','2023-04-12 10:24:15'),(36.34612665774109000,127.38931359122371000,'asdasd123','2023-04-12 10:40:58'),(36.35245294202394000,127.38373020246620000,'asdasd123','2023-04-12 10:48:21'),(36.35224887216375000,127.39108200849597000,'asdasd123','2023-04-12 10:48:34'),(36.34967493263726000,127.38447410673312000,'euni123','2023-04-12 12:36:23'),(36.34719644246502000,127.38174378585377000,'euni123','2023-04-12 12:36:24'),(36.35001105104946400,127.38082174079503000,'euni123','2023-04-12 12:36:24'),(36.35424101302639600,127.38815077545496000,'euni123','2023-04-12 12:36:25'),(36.35422021740201000,127.38342693101555000,'euni123','2023-04-12 12:58:12'),(36.35052272231454400,127.38982565360702000,'euni123','2023-04-12 14:49:27'),(36.34756953047500600,127.38900885552447000,'euni123','2023-04-12 14:49:28'),(36.34549139350424000,127.38512191868521000,'euni123','2023-04-12 14:49:29'),(36.34820702354997500,127.38134767746125000,'ro12345','2023-04-12 14:50:13'),(36.35181550121374000,127.38016209558164000,'ro12345','2023-04-12 14:50:14'),(36.34753247695297000,127.37809152309250000,'ro12345','2023-04-12 14:50:14'),(36.34471264776653500,127.38066226572026000,'ro12345','2023-04-12 14:50:16'),(36.34128709596019000,127.38100204436022000,'ro12345','2023-04-12 14:50:16'),(36.34417956955853000,127.38948213052277000,'euni123','2023-04-12 15:05:48'),(36.34756211115094000,127.39128136814891000,'ro12345','2023-04-12 15:21:49'),(36.34460878234999400,127.39050910452791000,'ro12345','2023-04-12 15:21:49'),(36.34251371369177000,127.39183535183534000,'ro12345','2023-04-12 15:21:50'),(36.34959651545679000,127.38643440347818000,'imagetest2','2023-04-12 15:40:32'),(36.34650413568422000,127.38405748504618000,'imagetest2','2023-04-12 15:40:33'),(36.34640484298552000,127.38129433031497000,'imagetest2','2023-04-12 15:40:33'),(36.35170350101304000,127.39250526959098000,'imagetest2','2023-04-12 15:41:07'),(36.34644218969183000,127.39203327046020000,'imagetest2','2023-04-12 15:41:08'),(36.34934462273652400,127.38629947622512000,'ro12345','2023-04-12 15:41:10'),(36.35272373109798000,127.38916818598835000,'ro12345','2023-04-12 15:41:10'),(36.35507657719604400,127.38614954010623000,'ro12345','2023-04-12 15:41:10'),(36.35335538958138000,127.38333356360232000,'asdasd123','2023-04-12 15:58:35'),(36.34991862546646000,127.38714897359095000,'asdasd123','2023-04-12 15:58:36'),(36.34516064117500000,127.38708086101569000,'asdasd123','2023-04-12 15:58:36'),(36.34202503260815000,127.38693167323635000,'ro12345','2023-04-12 16:49:55'),(36.34600120259998000,127.38352030825028000,'ro12345','2023-04-12 16:49:56'),(36.35869880500004000,127.38068579572486000,'ro12345','2023-04-12 16:49:57'),(36.35430599277828600,127.39033471639814000,'ro12345','2023-04-12 16:49:58'),(36.34831835600474000,127.39150795316725000,'ro12345','2023-04-12 16:49:59'),(36.34947446606696000,127.39071164548261000,'asdasd123','2023-04-12 16:55:42'),(36.34533595666539400,127.38859671872495000,'asdasd123','2023-04-12 16:55:49'),(36.36455849712606000,127.38566155012401000,'euni123','2023-04-12 17:12:20'),(36.35086832970902000,127.38327680897675000,'imagetest3','2023-04-12 17:39:32'),(36.34748879322409000,127.38049753946983000,'imagetest3','2023-04-12 17:39:32'),(36.34703664263795000,127.38659999182288000,'imagetest3','2023-04-12 17:39:32'),(36.35341916294578400,127.38591853847662000,'imagetest3','2023-04-12 17:39:33'),(36.36451088859505600,127.38922687206541000,'euni123','2023-04-12 17:46:54'),(36.35220018774717000,127.38386264935980000,'asdasd123','2023-04-13 09:20:33'),(36.34959824346296000,127.38589968048187000,'asdasd123','2023-04-13 09:20:33'),(36.34734148204268000,127.38147713576012000,'asdasd123','2023-04-13 09:20:34'),(36.34451324755189500,127.38663207629833000,'asdasd123','2023-04-13 09:20:34'),(36.34268977980277500,127.38198913160421000,'asdasd123','2023-04-13 09:20:34'),(36.35369500866652000,127.37856695514970000,'asdasd123','2023-04-13 09:21:55'),(36.35004823302932000,127.38046543206501000,'asdasd123','2023-04-13 09:21:56'),(36.34774642193456600,127.39003461317172000,'asdasd123','2023-04-13 09:21:56'),(36.34534029594886600,127.38725998431772000,'asdasd123','2023-04-13 09:21:56'),(36.35528215300107000,127.38944830616654000,'asdasd123','2023-04-13 09:22:01'),(36.35196922162763000,127.38840687134672000,'asdasd123','2023-04-13 09:22:01'),(36.34903637620226000,127.38126260061038000,'asdasd123','2023-04-13 09:22:02'),(36.34767285021994000,127.37929531841331000,'asdasd123','2023-04-13 09:22:02'),(36.35154388615653400,127.38617665510007000,'asdasd123','2023-04-13 09:22:08'),(36.34923576302056000,127.38652174222482000,'asdasd123','2023-04-13 09:22:09'),(36.34657980348415400,127.38294387550536000,'asdasd123','2023-04-13 09:22:09'),(36.34525745395227000,127.37937272097910000,'asdasd123','2023-04-13 09:22:09'),(36.35037824594740000,127.38991405614132000,'asdasd123','2023-04-13 09:27:02'),(36.34685641046365000,127.38659910085178000,'asdasd123','2023-04-13 09:27:02'),(36.35300588372050600,127.37990050592893000,'asdasd123','2023-04-13 09:27:03'),(36.35371370742363000,127.38400377005928000,'asdasd123','2023-04-13 09:27:08'),(36.35174217938758500,127.39170334462334000,'asdasd123','2023-04-13 09:27:10'),(36.35488506179400000,127.38962458398737000,'asdasd123','2023-04-13 09:27:12'),(36.34961836024889000,127.39080148638485000,'ro12345','2023-04-13 09:28:30'),(36.34723345538824000,127.39257195228517000,'ro12345','2023-04-13 09:28:32'),(36.34277854116992000,127.38800477053856000,'ro12345','2023-04-13 09:28:33'),(36.34034800205664000,127.39271561669045000,'euni123','2023-04-13 09:29:32'),(36.34530106883190000,127.38824007730453000,'ro12345','2023-04-13 09:29:38'),(36.34201474828644000,127.39009514356846000,'ro12345','2023-04-13 09:29:38'),(36.33721283827293000,127.39243255458570000,'euni123','2023-04-13 09:29:39'),(36.34049549266302400,127.38055263080130000,'ro12345','2023-04-13 09:29:39'),(36.35202395733074000,127.38261403842174000,'euni123','2023-04-13 09:29:48'),(36.35875445931841000,127.38581117803828000,'euni123','2023-04-13 09:29:51'),(36.34757260492760000,127.37679948230567000,'ro12345','2023-04-13 09:29:59'),(36.34521203543986400,127.38231335970443000,'ro12345','2023-04-13 09:29:59'),(36.35002964875251000,127.38625829914537000,'asdasd123','2023-04-13 09:32:38'),(36.34538497611348000,127.38458669190410000,'asdasd123','2023-04-13 09:32:38'),(36.34699234370676600,127.37791067375032000,'asdasd123','2023-04-13 09:32:40'),(36.35518788062506000,127.38516967859958000,'asdasd123','2023-04-13 09:32:47'),(36.35177704231467000,127.38091946619535000,'asdasd123','2023-04-13 09:32:47'),(36.34615918146835000,127.37919885908212000,'asdasd123','2023-04-13 09:32:47'),(36.34476022747582400,127.38828195072857000,'asdasd123','2023-04-13 09:32:48'),(36.35281997132237000,127.38168211484212000,'asdasd123','2023-04-13 09:33:02'),(36.34753898407574000,127.38731543175666000,'asdasd123','2023-04-13 09:33:02'),(36.34570838998245500,127.38490019351490000,'asdasd123','2023-04-13 09:33:09'),(36.34252314303050500,127.37771085156488000,'asdasd123','2023-04-13 09:33:09'),(36.35184172603444000,127.38323701812325000,'asdasd123','2023-04-13 09:33:11'),(36.34132328449141000,127.38095766437552000,'asdasd123','2023-04-13 09:33:11'),(36.33859628288485000,127.38825135400506000,'asdasd123','2023-04-13 09:33:11'),(36.34771284553320000,127.38927692772462000,'asdasd123','2023-04-13 09:33:12'),(36.34703331196801000,127.37635128874253000,'asdasd123','2023-04-13 09:33:12'),(36.33863411079131000,127.39321939163322000,'asdasd123','2023-04-13 09:33:39'),(36.32871871191990000,127.40475231578252000,'asdasd123','2023-04-13 09:33:41'),(36.34312518761660000,127.39223943049552000,'asdasd123','2023-04-13 09:40:46'),(36.35312891939477000,127.38649642452171000,'asdasd123','2023-04-13 09:42:36'),(36.34579276376497600,127.38106855214863000,'asdasd123','2023-04-13 09:42:36'),(36.34938842359104000,127.38389340705905000,'asdasd123','2023-04-13 09:42:39'),(36.34348493679640000,127.38132465274931000,'asdasd123','2023-04-13 09:42:39'),(36.33861396029400000,127.38277121311188000,'asdasd123','2023-04-13 09:42:40'),(36.34580629785304500,127.38806435017466000,'asdasd123','2023-04-13 09:42:42'),(36.34293868227617000,127.38305971932750000,'asdasd123','2023-04-13 09:42:42'),(36.33897770298574000,127.38174822984467000,'asdasd123','2023-04-13 09:42:43'),(36.33727480536426000,127.38445771071927000,'asdasd123','2023-04-13 09:42:43'),(36.33686822077339000,127.38757447229304000,'asdasd123','2023-04-13 09:42:44'),(36.35477187495469000,127.37999821488135000,'asdasd123','2023-04-13 09:42:45'),(36.35467545007442000,127.38757360221460000,'asdasd123','2023-04-13 09:42:45'),(36.34587448019884000,127.37803894853391000,'asdasd123','2023-04-13 09:43:32'),(36.34896598814921000,127.38072753011845000,'asdasd123','2023-04-13 09:43:32'),(36.34007592409114600,127.38772403143247000,'asdasd123','2023-04-13 09:43:36'),(36.35117489661571000,127.38880398232759000,'asdasd123','2023-04-13 09:45:42'),(36.33888019050689000,127.37840613915370000,'asdasd123','2023-04-13 09:46:03'),(36.34943827396202000,127.39075602551151000,'ro12345','2023-04-13 09:49:10'),(36.34247293111205600,127.38216630020750000,'ro12345','2023-04-13 10:10:00'),(36.33524178675081400,127.38890299848651000,'ro12345','2023-04-13 10:10:01'),(36.34251619481809600,127.39107789666390000,'ro12345','2023-04-13 10:10:01'),(36.33213962882134500,127.37832898771484000,'ro12345','2023-04-13 10:10:02'),(36.34837165732722000,127.38620554930846000,'ro12345','2023-04-13 10:10:03'),(36.33776781592442000,127.37679680600895000,'ro12345','2023-04-13 10:10:04'),(36.34830473807675600,127.38460105070175000,'asdasd123','2023-04-13 10:31:33'),(36.34742592486717400,127.38882990230104000,'ro12345','2023-04-13 10:32:54'),(36.34435487668579000,127.37981392273865000,'ro12345','2023-04-13 10:32:54'),(36.34184667425234000,127.38635155586299000,'ro12345','2023-04-13 10:32:55'),(36.33499798562262000,127.38627318075449000,'ro12345','2023-04-13 10:35:36'),(36.34012190489492000,127.38464992555289000,'ro12345','2023-04-13 10:35:38'),(36.36049881140949000,127.39254943040359000,'ro12345','2023-04-13 10:39:02'),(36.33933253774683000,127.39458183295118000,'ro12345','2023-04-13 10:39:03'),(36.36050800275849000,127.38974174470115000,'ro12345','2023-04-13 10:41:31'),(36.34452880274818000,127.39291484063882000,'ro12345','2023-04-13 10:42:51'),(36.34685397020290000,127.39831820770180000,'ro12345','2023-04-13 10:44:07'),(36.37612950246100000,127.38567408928850000,'ro12345','2023-04-13 10:44:44'),(36.35061049476680000,127.39602014350440000,'ro12345','2023-04-13 10:51:50'),(36.34889115065870000,127.39271395571470000,'ro12345','2023-04-13 10:51:51'),(36.35008014886100000,127.37030562174670000,'ro12345','2023-04-13 10:52:06'),(36.34165488812740000,127.36714677860970000,'ro12345','2023-04-13 10:52:07'),(36.33939509584960000,127.37515610303280000,'ro12345','2023-04-13 10:52:07'),(36.33871753976319000,127.39524705209504000,'asdasd123','2023-04-13 11:21:15'),(36.34493320023152000,127.39051072436855000,'asdasd123','2023-04-13 11:21:24'),(36.34052177611268000,127.39467694335039000,'asdasd123','2023-04-13 11:21:39'),(36.35460350183963400,127.38752868173265000,'euni123','2023-04-13 11:46:10'),(36.34407606869684000,127.38805576516795000,'ro12345','2023-04-13 14:39:51'),(36.34863402245303400,127.38308761605930000,'ro12345','2023-04-13 14:39:58'),(36.35641388868335600,127.38504202437353000,'euni123','2023-04-13 14:47:02'),(36.35380554561952000,127.37780991304679000,'euni123','2023-04-13 14:47:03'),(36.34269843648268000,127.37927119452900000,'euni123','2023-04-13 14:47:04'),(36.34219308840550000,127.39067527056046000,'euni123','2023-04-13 14:47:06'),(36.35056832682085000,127.38688482125559000,'asdasd123','2023-04-14 18:48:39'),(36.35132183402330000,127.38795803610310000,'euni123','2023-04-17 11:26:28'),(36.35364418965351500,127.38320128974095000,'test123','2023-04-17 12:05:26'),(36.34821354711440000,127.37929794093111000,'test123','2023-04-17 12:05:26'),(36.34512401729439000,127.38725891339442000,'test123','2023-04-17 12:05:27'),(36.35257256017925000,127.39130644075950000,'test123','2023-04-17 12:05:27'),(36.33687599858737400,127.38516861031866000,'asdasd123','2023-04-17 12:54:40'),(36.33565084806077000,127.38502891960894000,'asdasd123','2023-04-17 14:06:02'),(36.34181651958010000,127.38452458924360000,'asdasd123','2023-04-18 09:33:31'),(36.34429237504610000,127.37678367859960000,'asdasd123','2023-04-18 09:33:31'),(36.35326343935420000,127.37825292410080000,'asdasd123','2023-04-18 09:33:32'),(36.33774068372430000,127.38530653017620000,'asdasd123','2023-04-19 14:50:48'),(36.34237681162100000,127.38960682403950000,'asdasd123','2023-04-19 14:50:49'),(36.33903100987760000,127.38758518753620000,'asdasd123','2023-04-19 14:51:09'),(36.34345062881480000,127.39192916041390000,'asdasd123','2023-04-19 14:51:11'),(36.34819523967060000,127.39605247205850000,'asdasd123','2023-04-19 14:51:13'),(36.35268692922690000,127.40030867980970000,'asdasd123','2023-04-19 14:51:14'),(36.35482035811610000,127.38735150089490000,'asdasd123','2023-04-19 14:51:23'),(36.35667065714820000,127.38366177417700000,'asdasd123','2023-04-19 15:06:32'),(36.34643911630900000,127.39296899722630000,'asdasd123','2023-04-19 15:39:33'),(36.34092825434710000,127.39164918557710000,'asdasd123','2023-04-19 15:39:40'),(36.34954378766410000,127.39155864937520000,'asdasd123','2023-04-19 15:45:36'),(36.35093505977860000,127.39597722560490000,'asdasd123','2023-04-19 15:45:42'),(36.35406929273030000,127.38552067592840000,'asdasd123','2023-04-19 15:45:45'),(36.35813474491320000,127.38794727912300000,'asdasd123','2023-04-19 15:45:49'),(36.35128347070890000,127.38867083645230000,'asdasd123','2023-04-19 15:45:58'),(36.34739465393180000,127.38735927663550000,'asdasd123','2023-04-19 15:46:04'),(36.34434915649370000,127.39273570630160000,'asdasd123','2023-04-19 15:46:06'),(36.34538376851070000,127.39599367560130000,'asdasd123','2023-04-19 15:46:09'),(36.35407256914080000,127.39554748060130000,'asdasd123','2023-04-19 15:46:11'),(36.35630360133020000,127.39671745242690000,'asdasd123','2023-04-19 15:46:15'),(36.35619487036250000,127.39689515948080000,'asdasd123','2023-04-19 15:46:17'),(36.35702822183340000,127.39560700013220000,'asdasd123','2023-04-19 15:46:19'),(36.35913299784190000,127.39133927900890000,'asdasd123','2023-04-19 15:46:25'),(36.35085956639550000,127.39700176156290000,'asdasd123','2023-04-19 15:46:29'),(36.35275932044480000,127.40021992496160000,'asdasd123','2023-04-19 15:46:33'),(36.35695671921380000,127.39542837773000000,'asdasd123','2023-04-19 15:46:40'),(36.35417728813500000,127.38556577202240000,'asdasd123','2023-04-19 15:46:42'),(36.35281383538560000,127.38359828526720000,'asdasd123','2023-04-19 15:47:29'),(36.35542346117850000,127.40121397654100000,'asdasd123','2023-04-19 15:50:14'),(36.35097066308360000,127.39611109108770000,'asdasd123','2023-04-19 15:50:15'),(36.34947227877670000,127.39138004778090000,'asdasd123','2023-04-19 15:50:15'),(36.35285059685830000,127.38337565152870000,'asdasd123','2023-04-19 15:50:17'),(36.35563387207360000,127.39212392188770000,'asdasd123','2023-04-19 15:50:18'),(36.35730582322230000,127.38789860013860000,'asdasd123','2023-04-19 15:50:18'),(36.35577761870170000,127.39225833630220000,'asdasd123','2023-04-19 15:50:21'),(36.34452894923910000,127.39287028331270000,'asdasd123','2023-04-19 15:50:41'),(36.34716647570770000,127.39101203122210000,'asdasd123','2023-04-19 15:50:45'),(36.34442051697310000,127.39295885463730000,'asdasd123','2023-04-19 15:50:50'),(36.35240192321100000,127.38836445825440000,'asdasd123','2023-04-19 15:50:52'),(36.34442095644410000,127.39282518284360000,'asdasd123','2023-04-19 15:50:58'),(36.35414196048970000,127.38534278004180000,'asdasd123','2023-04-19 15:51:02'),(36.35702866439780000,127.39547330682690000,'asdasd123','2023-04-19 15:51:04'),(36.36208689794470000,127.39193345316070000,'asdasd123','2023-04-19 15:51:08'),(36.36179823495640000,127.39202114149760000,'asdasd123','2023-04-19 15:51:11'),(36.35998091810500000,127.39655784753310000,'asdasd123','2023-04-19 15:51:15'),(36.35155020858120000,127.39526734790060000,'asdasd123','2023-04-19 15:54:56'),(36.35693051668990000,127.39244238159740000,'asdasd123','2023-04-19 15:54:57'),(36.35447070068460000,127.39505929388840000,'asdasd123','2023-04-19 15:55:02'),(36.35207038914350000,127.39054636741700000,'asdasd123','2023-04-19 15:55:04'),(36.35612336965420000,127.39671653782980000,'asdasd123','2023-04-19 15:55:08'),(36.34954568440070000,127.39097936687010000,'asdasd123','2023-04-19 15:58:00'),(36.35114521364700000,127.38684311375670000,'test123','2023-04-19 16:03:39'),(36.34719829152100000,127.38116452006570000,'test123','2023-04-19 16:03:39'),(36.34553159728410000,127.38382991590690000,'test123','2023-04-19 16:03:39'),(36.34724757615470000,127.38824974050790000,'test123','2023-04-19 16:03:39'),(36.35036696260120000,127.38224943915760000,'test123','2023-04-19 16:03:40'),(36.35196336733200000,127.37900419420390000,'test123','2023-04-19 16:03:40'),(36.35497547466930000,127.38396540337850000,'test123','2023-04-19 16:03:40'),(36.35552602544740000,127.39203425230130000,'test123','2023-04-19 16:03:41'),(36.35197700364650000,127.39700743518260000,'test123','2023-04-19 16:03:41'),(36.34902238517840000,127.39663594930370000,'test123','2023-04-19 16:03:41'),(36.34726906257820000,127.39270580990070000,'test123','2023-04-19 16:03:42'),(36.35146428233570000,127.38849348714000000,'imagetest1','2023-04-19 16:03:55'),(36.34862628438320000,127.38549384031180000,'imagetest1','2023-04-19 16:03:56'),(36.34781491270750000,127.37996440677490000,'imagetest1','2023-04-19 16:03:56'),(36.35004695547290000,127.38086647687960000,'imagetest1','2023-04-19 16:03:56'),(36.35400978772520000,127.38159879629480000,'imagetest1','2023-04-19 16:03:57'),(36.35817512460390000,127.38661050406400000,'imagetest1','2023-04-19 16:03:57'),(36.35495322516050000,127.39082815187620000,'imagetest1','2023-04-19 16:03:57'),(36.34867604324760000,127.39235639204370000,'imagetest1','2023-04-19 16:03:58'),(36.34504294016930000,127.39002113036300000,'imagetest1','2023-04-19 16:03:58'),(36.34416597498210000,127.38253103569380000,'imagetest1','2023-04-19 16:03:58'),(36.34756640681260000,127.37876008436870000,'imagetest1','2023-04-19 16:03:58'),(36.35719038102780000,127.37894040341640000,'imagetest1','2023-04-19 16:03:59'),(36.35229667728170000,127.38747268556750000,'imagetest2','2023-04-19 16:04:43'),(36.35200280108530000,127.37793488909960000,'imagetest2','2023-04-19 16:04:43'),(36.34837840747980000,127.38411125006060000,'imagetest3','2023-04-19 16:05:12'),(36.34416925099610000,127.38150622060680000,'imagetest3','2023-04-19 16:05:13'),(36.35535380993880000,127.38958235582960000,'asdasd123','2023-04-19 17:42:41'),(36.34692864747840000,127.38655489851240000,'euni123','2023-04-19 18:18:38'),(36.34973622601950000,127.38781648609840000,'asdasd123','2023-04-20 13:02:27'),(36.35041622094230000,127.39481600144390000,'asdasd123','2023-04-20 13:03:58'),(36.35440829575300000,127.39211777494670000,'asdasd123','2023-04-21 09:30:37'),(36.34776733554650000,127.38357352952100000,'ro12345','2023-04-21 12:06:46'),(36.35650450958960000,127.37924903318010000,'ro12345','2023-04-21 12:06:50'),(36.34722692489660000,127.38348175965940000,'ro12345','2023-04-21 14:39:05'),(36.35194169208280000,127.38577755916370000,'imagetest3','2023-04-21 16:56:41'),(36.34383955837870000,127.38315324681620000,'asdasd123','2023-04-21 17:07:56'),(36.34917114253450000,127.38420426541600000,'asdasd123','2023-04-24 10:17:49'),(36.35339014870720000,127.38373480216060000,'asdasd123','2023-04-24 10:17:51'),(36.34982526790440000,127.38255871882200000,'asdasd123','2023-04-24 10:17:51'),(36.34686574526740000,127.38370278561980000,'asdasd123','2023-04-24 10:17:51'),(36.34616921964520000,127.38730864791990000,'asdasd123','2023-04-24 10:17:51'),(36.34608652283210000,127.37937674266760000,'asdasd123','2023-04-24 10:17:52'),(36.34691686407270000,127.37897973569520000,'asdasd123','2023-04-24 10:17:52'),(36.34964260819560000,127.38331536205690000,'asdasd123','2023-04-24 10:17:52'),(36.35064186153150000,127.38643956953600000,'asdasd123','2023-04-24 10:17:53'),(36.34436197816980000,127.38881466929470000,'asdasd123','2023-04-24 10:20:23'),(36.34195941454160000,127.38492630121890000,'asdasd123','2023-04-24 10:20:23'),(36.34252707958540000,127.37646327607490000,'asdasd123','2023-04-24 10:20:24'),(36.34843673625590000,127.37711556819700000,'asdasd123','2023-04-24 10:20:24'),(36.34896712337800000,127.38037105076210000,'asdasd123','2023-04-24 10:20:25'),(36.35442529162610000,127.38690390644360000,'asdasd123','2023-04-24 10:20:25'),(36.35307925087680000,127.39068509549190000,'asdasd123','2023-04-24 10:20:26'),(36.35026223092870000,127.39231978955870000,'asdasd123','2023-04-24 10:20:26'),(36.34344872774700000,127.39250839770830000,'asdasd123','2023-04-24 10:20:27'),(36.34111402320380000,127.38995698315410000,'asdasd123','2023-04-24 10:20:27'),(36.34292662683890000,127.38680246188130000,'asdasd123','2023-04-24 10:20:27'),(36.35423810276840000,127.37781200330720000,'asdasd123','2023-04-24 10:20:28'),(36.35602539409510000,127.38254449176900000,'asdasd123','2023-04-24 10:20:28'),(36.34694497103400000,127.38147520158600000,'asdasd1234','2023-04-24 10:51:23'),(36.34411990397560000,127.38564985937270000,'asdasd1234','2023-04-24 10:51:24'),(36.34719974894220000,127.39185882972360000,'euni123','2023-04-24 11:59:12'),(36.35710913739450000,127.39293349583330000,'euni123','2023-04-24 12:00:10'),(36.35587405420340000,127.38477197834400000,'euni123','2023-04-24 12:08:22'),(36.34813549352140000,127.39230911980950000,'euni123','2023-04-24 12:11:02'),(36.34789206113460000,127.38958973972230000,'euni123','2023-04-24 12:11:57'),(36.35107629047340000,127.38586241309680000,'asdasd1234','2023-04-24 13:04:31'),(36.34590149344800000,127.39203056006530000,'asdasd123','2023-04-24 14:00:18'),(36.35016574230880000,127.38875440322990000,'ro12345','2023-04-24 15:08:15'),(36.35131356059810000,127.39049802529450000,'ro12345','2023-04-24 15:08:15'),(36.35332561716670000,127.38137264160000000,'asdasd1234','2023-04-24 15:29:34'),(36.35162043533280000,127.38479560760790000,'asdasd1234','2023-04-24 15:32:52'),(36.34824235879690000,127.38157065075490000,'asdasd1234','2023-04-24 15:32:53'),(36.35062667742420000,127.37993350789020000,'asdasd1234','2023-04-24 15:32:53'),(36.35018715798470000,127.38211487628620000,'asdasd1234','2023-04-24 15:32:53'),(36.35405162855190000,127.39095733536790000,'asdasd1234','2023-04-24 16:19:04'),(36.34418464201880000,127.38792263024150000,'asdasd1234','2023-04-24 17:07:16'),(36.33842513610490000,127.38544356513380000,'asdasd1234','2023-04-24 17:07:17'),(36.34511524674500000,127.37874821331920000,'ro12345','2023-04-24 17:11:22'),(36.34382278685130000,127.37709332019040000,'ro12345','2023-04-24 17:11:26'),(36.34150720414970000,127.37980009475710000,'ro12345','2023-04-24 17:11:33'),(36.33854215265130000,127.38268175242120000,'ro12345','2023-04-24 17:11:49'),(36.33575265621430000,127.38698975589430000,'ro12345','2023-04-24 17:11:53'),(36.33733666135050000,127.37634918947250000,'ro12345','2023-04-24 17:11:56'),(36.35007373514340000,127.38376308780690000,'asdasd1234','2023-04-24 17:48:32'),(36.35082252583990000,127.38630677742260000,'asdasd1234','2023-04-24 17:48:32'),(36.35081978576190000,127.38715343536070000,'asdasd1234','2023-04-24 17:48:34'),(36.34988790927840000,127.38550005984680000,'asdasd1234','2023-04-24 17:48:34'),(36.34801865903320000,127.38388668270420000,'asdasd1234','2023-04-24 17:48:35'),(36.35241832579190000,127.38328440685090000,'asdasd1234','2023-04-24 17:48:36'),(36.34735817411580000,127.38749277499010000,'asdasd1234','2023-04-24 17:48:36'),(36.34895500719880000,127.38415864290030000,'asdasd1234','2023-04-24 17:48:37'),(36.34829956447100000,127.38620519326530000,'asdasd1234','2023-04-24 17:48:37'),(36.34722032972290000,127.38553146932720000,'asdasd1234','2023-04-24 17:48:37'),(36.34848267351270000,127.38531489105910000,'asdasd1234','2023-04-24 17:48:38'),(36.34874544291550000,127.38206327083180000,'asdasd123','2023-04-24 17:58:37'),(36.34499547152640000,127.38240141776050000,'asdasd123','2023-04-24 17:58:37'),(36.34250011159870000,127.38492896211470000,'asdasd123','2023-04-24 17:58:38'),(36.34898389987570000,127.39191233067670000,'asdasd1234','2023-04-24 18:24:03'),(36.34331201790770000,127.38466561353820000,'asdasd1234','2023-04-24 18:24:03'),(36.34962901408820000,127.38474124685000000,'asdasd1234','2023-04-24 18:35:48'),(36.35249326863680000,127.38520096663970000,'asdasd1234','2023-04-24 18:35:49'),(36.35032681561580000,127.38632660912330000,'asdasd1234','2023-04-24 18:35:50'),(36.34771395398020000,127.38615774128540000,'asdasd1234','2023-04-24 18:35:50'),(36.35197500208670000,127.38662440751110000,'asdasd1234','2023-04-24 18:38:21'),(36.34818637466620000,127.38776423970140000,'asdasd1234','2023-04-24 18:38:22'),(36.35122972263740000,127.38298892810150000,'ro12345','2023-04-25 09:48:13'),(36.35323001315140000,127.38308785220510000,'ro12345','2023-04-25 09:48:19'),(36.35080846710470000,127.37944421291550000,'ro12345','2023-04-25 09:48:24'),(36.35636421106480000,127.36937724137090000,'ro12345','2023-04-25 09:48:35'),(36.35330616886330000,127.37326206465630000,'ro12345','2023-04-25 09:48:36'),(36.34501659971600000,127.38703558976550000,'asdasd1234','2023-04-25 09:48:54'),(36.33924829979930000,127.38727437869480000,'asdasd1234','2023-04-25 09:48:55'),(36.35105700588160000,127.39178903579810000,'ro12345','2023-04-25 09:58:04'),(36.34593396212660000,127.38200497663560000,'ro12345','2023-04-25 09:58:32'),(36.34605061780970000,127.37933200954390000,'ro12345','2023-04-25 09:58:33'),(36.34493459061770000,127.37888101339860000,'ro12345','2023-04-25 09:58:35'),(36.33763452446750000,127.39573167572390000,'asdasd1234','2023-04-25 10:04:37'),(36.34367825494970000,127.38845480967310000,'ro12345','2023-04-25 10:20:47'),(36.34965738381720000,127.37868109016400000,'asdasd1234','2023-04-25 10:20:49'),(36.34956571338480000,127.37917081672850000,'ro12345','2023-04-25 10:20:50'),(36.34853058808440000,127.38161661750760000,'euni123','2023-04-25 10:22:38'),(36.35746824815010000,127.38223959407810000,'euni123','2023-04-25 10:22:40'),(36.35063388147000000,127.37766090318020000,'ro12345','2023-04-25 10:23:37'),(36.34951679342330000,127.37754410568110000,'ro12345','2023-04-25 10:23:38'),(36.34986630898600000,127.37815850869630000,'ro12345','2023-04-25 10:24:00'),(36.34990580532610000,127.37706695152970000,'ro12345','2023-04-25 10:24:01'),(36.34680227782420000,127.38100663209460000,'ro12345','2023-04-25 10:24:08'),(36.34734439455630000,127.38056367642480000,'ro12345','2023-04-25 10:24:09'),(36.35055381659300000,127.39134089958650000,'ro12345','2023-04-25 10:31:35'),(36.35371429348630000,127.39214771678130000,'ro12345','2023-04-25 10:31:45'),(36.35360853139950000,127.39416367273870000,'ro12345','2023-04-25 10:31:49'),(36.35220697879920000,127.39286429651130000,'ro12345','2023-04-25 10:31:50'),(36.35099806724910000,127.38775590180090000,'ro12345','2023-04-25 10:38:04'),(36.35134512676890000,127.38633164030320000,'ro12345','2023-04-25 10:38:16'),(36.34779704186740000,127.38693795042040000,'asdasd123','2023-04-25 11:01:46'),(36.34242284137520000,127.38653262929490000,'euni123','2023-04-25 11:25:08'),(36.34764495515570000,127.38798435429200000,'asdasd1234','2023-04-25 11:26:35'),(36.34515441979020000,127.38899684255010000,'asdasd1234','2023-04-25 11:26:35'),(36.34289662274270000,127.38493091348330000,'asdasd1234','2023-04-25 11:26:36'),(36.34574414936840000,127.38498948703930000,'asdasd123','2023-04-25 11:30:51'),(36.34113650110010000,127.38300633743330000,'asdasd123','2023-04-25 11:30:51'),(36.34215674885590000,127.37958046504550000,'asdasd123','2023-04-25 11:30:52'),(36.34985760706410000,127.38928760457030000,'ro12345','2023-04-25 12:00:06'),(36.35491921775850000,127.39020408605270000,'ro12345','2023-04-25 12:01:07'),(36.34395410928030000,127.39228814525890000,'ro12345','2023-04-25 12:01:10'),(36.34146397686010000,127.39316678270750000,'ro12345','2023-04-25 12:01:12'),(36.34212245124030000,127.39022935079900000,'ro12345','2023-04-25 12:01:17'),(36.33765849530130000,127.38842491643450000,'ro12345','2023-04-25 12:01:18'),(36.33843415579840000,127.38263666951120000,'ro12345','2023-04-25 12:01:20'),(36.35055425431750000,127.39120721728310000,'ro12345','2023-04-25 12:01:23'),(36.35403654875040000,127.38449555413650000,'ro12345','2023-04-25 12:01:25'),(36.34904902821070000,127.38852604829960000,'ro12345','2023-04-25 12:07:10'),(36.34718701163650000,127.38468467288400000,'ro12345','2023-04-25 12:07:10'),(36.35035507435960000,127.38594797690030000,'ro12345','2023-04-25 12:07:11'),(36.34666153425580000,127.39109862514310000,'asdasd123','2023-04-25 12:21:43'),(36.34913895825520000,127.38300096828990000,'asdasd1234','2023-04-25 12:25:08'),(36.34369013907360000,127.37914233059250000,'asdasd123','2023-04-25 12:25:59'),(36.33701502149650000,127.39229790094170000,'asdasd123','2023-04-25 12:25:59'),(36.34875397498160000,127.39057436418690000,'asdasd1234','2023-04-25 12:28:39'),(36.34754388481170000,127.38580042316800000,'asdasd1234','2023-04-25 12:28:41'),(36.34883274972320000,127.38852497372970000,'asdasd1234','2023-04-25 12:28:42'),(36.34847720171530000,127.38700815635220000,'asdasd1234','2023-04-25 12:28:42'),(36.34548448171410000,127.38726069827290000,'asdasd1234','2023-04-25 12:28:43'),(36.34621433124050000,127.38450165222250000,'asdasd1234','2023-04-25 12:28:44'),(36.34856976111670000,127.38063648024510000,'asdasd1234','2023-04-25 12:28:44'),(36.35096887048250000,127.38563907428820000,'asdasd1234','2023-04-25 12:28:44'),(36.34823608230490000,127.38353126852190000,'asdasd1234','2023-04-25 12:28:45'),(36.34578663868210000,127.38298455052500000,'asdasd1234','2023-04-25 12:28:45'),(36.34218113487720000,127.38323423628510000,'asdasd1234','2023-04-25 12:28:45'),(36.34235492071590000,127.38524014544100000,'asdasd1234','2023-04-25 12:28:46'),(36.34907882948870000,127.39044230475000000,'asdasd1234','2023-04-25 12:29:02'),(36.34609220708720000,127.38882327118020000,'asdasd1234','2023-04-25 12:29:03'),(36.34134274369070000,127.38612628550800000,'asdasd1234','2023-04-25 12:29:04'),(36.35194840781720000,127.38509244690690000,'asdasd1234','2023-04-25 12:50:16'),(36.33895992796410000,127.38727295106400000,'asdasd123','2023-04-25 12:54:12'),(36.34193740882180000,127.39169879505650000,'asdasd123','2023-04-25 12:54:18'),(36.34399727703540000,127.38734244995980000,'asdasd123','2023-04-25 12:54:30'),(36.35096180392850000,127.38782256457550000,'asdasd1234','2023-04-25 12:55:06'),(36.33955316546060000,127.38215203534540000,'asdasd1234','2023-04-25 12:59:55'),(36.34645759113050000,127.38731007605800000,'asdasd1234','2023-04-25 13:00:01'),(36.35017109472370000,127.38710566229500000,'asdasd1234','2023-04-25 13:00:05'),(36.34688334232040000,127.38940647690290000,'asdasd1234','2023-04-25 13:00:40'),(36.35129043047930000,127.39205757689670000,'asdasd123','2023-04-25 13:39:01'),(36.35319102726800000,127.38957157895350000,'asdasd123','2023-04-25 13:39:02'),(36.35269506473340000,127.38689534441520000,'asdasd123','2023-04-25 13:42:12'),(36.34976137948240000,127.39115868952580000,'asdasd123','2023-04-25 13:42:13'),(36.35201061587820000,127.38675827061660000,'asdasd123','2023-04-25 13:42:14'),(36.35867905252340000,127.38683582702380000,'asdasd123','2023-04-25 13:42:15'),(36.35714539779650000,127.38174779751650000,'asdasd123','2023-04-25 13:42:16'),(36.34882449677550000,127.37988019117550000,'asdasd123','2023-04-25 13:42:18'),(36.34467034023400000,127.38262261886190000,'asdasd123','2023-04-25 13:42:19'),(36.34260451398870000,127.38608795732460000,'asdasd123','2023-04-25 13:42:20'),(36.34612767346780000,127.38900168342740000,'asdasd123','2023-04-25 13:42:21'),(36.34899234809370000,127.38932785769610000,'asdasd123','2023-04-25 13:42:34'),(36.35922875953250000,127.38683854734810000,'asdasd123','2023-04-25 13:42:53'),(36.36117776416310000,127.38885373312430000,'asdasd123','2023-04-25 14:01:54'),(36.35259553529190000,127.38979142521370000,'asdasd123','2023-04-25 14:01:57'),(36.35687348269020000,127.38223668595750000,'asdasd123','2023-04-25 14:01:58'),(36.35020966001260000,127.39186277247040000,'asdasd123','2023-04-25 14:03:41'),(36.34870832459020000,127.38798963012370000,'asdasd123','2023-04-25 14:05:11'),(36.34579361598550000,127.38080120349200000,'asdasd1234','2023-04-25 14:06:53'),(36.34910266312080000,127.38865999680920000,'asdasd123','2023-04-25 14:07:24'),(36.33959614064370000,127.39115240819860000,'asdasd1234','2023-04-25 14:08:52'),(36.34161605389950000,127.39076150129360000,'asdasd1234','2023-04-25 14:09:01'),(36.34827894638070000,127.38700717519810000,'asdasd123','2023-04-25 14:09:56'),(36.34398245785450000,127.38355496675220000,'asdasd1234','2023-04-26 08:45:34'),(36.34680886597290000,127.37893465295250000,'ro12345','2023-04-26 10:35:54'),(36.34845164566270000,127.38375512730860000,'asdasd1234','2023-04-26 10:57:46'),(36.35517908720700000,127.38788804791600000,'zzz1234','2023-04-26 11:55:18'),(36.34996086434140000,127.38523305249580000,'asdasd123','2023-04-26 13:09:33'),(36.35388819780440000,127.38578716340440000,'zzz1234','2023-04-26 15:45:23'),(36.34731981376750000,127.38820553948110000,'asdasd1234','2023-04-26 16:12:31'),(36.35200750263540000,127.38212377215840000,'asdasd1234','2023-04-26 16:33:53'),(36.34815565264770000,127.38050078414850000,'asdasd1234','2023-04-26 16:33:53'),(36.34148762230470000,127.38029011952340000,'asdasd1234','2023-04-26 16:33:54'),(36.33794495770340000,127.38343625463310000,'asdasd1234','2023-04-26 16:33:54'),(36.34047518909650000,127.39240436495670000,'asdasd1234','2023-04-26 16:33:54'),(36.34393564720080000,127.39242172583430000,'asdasd1234','2023-04-26 16:33:55'),(36.34524931318610000,127.38752688469460000,'asdasd1234','2023-04-26 16:33:55'),(36.35847743124000000,127.39882308649560000,'aaa1234','2023-04-26 16:39:05'),(36.36426726124130000,127.39207809502460000,'aaa1234','2023-04-26 16:39:06'),(36.36345119532040000,127.37683145060140000,'aaa1234','2023-04-26 16:39:06'),(36.35590289552380000,127.36993211899430000,'aaa1234','2023-04-26 16:39:06'),(36.34689017225000000,127.37024595688210000,'aaa1234','2023-04-26 16:39:06'),(36.33701231755260000,127.37055563377060000,'aaa1234','2023-04-26 16:39:07'),(36.32914695830370000,127.37283495154500000,'aaa1234','2023-04-26 16:39:07'),(36.32721271037640000,127.39153598789620000,'aaa1234','2023-04-26 16:39:08'),(36.33677364151900000,127.39987080922500000,'aaa1234','2023-04-26 16:39:08'),(36.34816251456550000,127.40046375857820000,'aaa1234','2023-04-26 16:39:08'),(36.34487400031920000,127.38654474313570000,'imagetest3','2023-04-26 16:46:15'),(36.33994281915350000,127.38429260123550000,'imagetest3','2023-04-26 16:46:15'),(36.34980281142370000,127.38951013714180000,'imagetest3','2023-04-26 16:46:20'),(36.35707294449040000,127.39297787912700000,'aaa1234','2023-04-27 16:00:04'),(36.35604376618200000,127.38802603195520000,'aaa1234','2023-04-27 16:00:05'),(36.35776174079150000,127.38063666676120000,'aaa1234','2023-04-27 16:00:05'),(36.35330159984290000,127.37758466244330000,'aaa1234','2023-04-27 16:00:05'),(36.34476154123830000,127.37660770594200000,'aaa1234','2023-04-27 16:00:16'),(36.34215007908610000,127.38167459880840000,'aaa1234','2023-04-27 16:00:17'),(36.34050775877220000,127.38794895078090000,'aaa1234','2023-04-27 16:00:17'),(36.34798353146460000,127.39467003903030000,'aaa1234','2023-04-27 16:00:18'),(36.35335561874710000,127.39434065006740000,'aaa1234','2023-04-27 16:00:18'),(36.35379944972620000,127.39091151100970000,'aaa1234','2023-04-27 16:00:19'),(36.35780539852570000,127.38946087628130000,'chattest3','2023-04-27 16:04:27'),(36.35029739923600000,127.39258733410470000,'imagetest3','2023-04-27 16:11:44'),(36.35711118745990000,127.39230959287030000,'imagetest3','2023-04-27 16:11:44'),(36.36039884574010000,127.39005317021740000,'imagetest3','2023-04-27 16:11:45'),(36.36088521754310000,127.38457380787620000,'imagetest3','2023-04-27 16:11:45'),(36.35971037354860000,127.37997765437260000,'imagetest3','2023-04-27 16:11:46'),(36.35496395274350000,127.37625576977570000,'imagetest3','2023-04-27 16:11:47'),(36.34991885256010000,127.37578588111860000,'imagetest3','2023-04-27 16:11:47'),(36.34364255438000000,127.37709245123030000,'imagetest3','2023-04-27 16:11:48'),(36.34028332106520000,127.37925948434130000,'imagetest3','2023-04-27 16:11:48'),(36.34103712356490000,127.39142695030420000,'imagetest3','2023-04-27 16:11:49'),(36.36057192858550000,127.39223782715370000,'asdasd123','2023-04-27 16:29:43'),(36.35554399275480000,127.38372309159190000,'asdasd123','2023-04-27 16:30:27'),(36.35210526986100000,127.39090304070510000,'jwttest1','2023-04-27 16:35:59'),(36.34806705265810000,127.39119477446590000,'asdasd123','2023-04-27 16:43:18'),(36.35035334610650000,127.38648270506900000,'asdasd1234','2023-04-27 16:44:38'),(36.34747409151890000,127.38508712282170000,'asdasd1234','2023-04-27 16:44:42'),(36.34631051376070000,127.38820052937270000,'asdasd1234','2023-04-27 16:44:57'),(36.34426939865160000,127.38400195320570000,'asdasd1234','2023-04-27 16:44:57'),(36.34730030404030000,127.38308108257810000,'asdasd1234','2023-04-27 16:44:58'),(36.34676459649910000,127.38151888108840000,'asdasd1234','2023-04-27 16:44:58'),(36.36372589271110000,127.37545113510150000,'asdasd123','2023-04-27 16:52:25'),(36.33657115010980000,127.39024621271360000,'asdasd123','2023-04-27 17:16:22'),(36.35239407819130000,127.39077079695320000,'pwtest11','2023-04-27 17:18:44'),(36.36489426637080000,127.39867755127600000,'pwtest11','2023-04-27 17:19:01'),(36.37029560361050000,127.38390695419610000,'aaa4567','2023-04-27 17:24:55'),(36.37003075586100000,127.38778347017650000,'aaa4567','2023-04-27 17:24:55'),(36.36969105711040000,127.39246188752210000,'aaa4567','2023-04-27 17:24:56'),(36.36640131184460000,127.38428895736090000,'aaa4567','2023-04-27 17:24:57'),(36.36649749488810000,127.38798878980180000,'aaa4567','2023-04-27 17:24:58'),(36.36630256015030000,127.39248944030860000,'aaa4567','2023-04-27 17:24:58'),(36.36388848821440000,127.38102305622760000,'aaa4567','2023-04-27 17:24:59'),(36.36383785811960000,127.38556885592300000,'aaa4567','2023-04-27 17:25:00'),(36.36361306551100000,127.38819731498790000,'aaa4567','2023-04-27 17:25:00'),(36.36075174363740000,127.38123060184880000,'aaa4567','2023-04-27 17:25:03'),(36.36357418539420000,127.36918846883560000,'euni123','2023-04-27 17:29:50'),(36.36373114903210000,127.37088283392390000,'euni123','2023-04-27 17:29:51'),(36.36415739369900000,127.37291275904120000,'euni123','2023-04-27 17:29:52'),(36.36085956547090000,127.37276332268150000,'euni123','2023-04-27 17:29:55'),(36.36110045278990000,127.37064751330250000,'euni123','2023-04-27 17:29:55'),(36.36195923513320000,127.36686330274620000,'euni123','2023-04-27 17:29:56'),(36.36070300213920000,127.36509699735080000,'euni123','2023-04-27 17:29:57'),(36.35900929568200000,127.36493310436790000,'euni123','2023-04-27 17:29:58'),(36.34233223106060000,127.38107397045750000,'asdasd1234','2023-04-27 17:52:03'),(36.34285583117890000,127.38640109770410000,'asdasd1234','2023-04-27 18:05:09'),(36.35378092155220000,127.38551925399320000,'asdasd123','2023-04-28 10:39:19'),(36.35091703084870000,127.37931105456850000,'asdasd123','2023-04-28 10:39:20'),(36.35520613136380000,127.37946555557120000,'asdasd123','2023-04-28 10:39:20'),(36.35039571775970000,127.38452221215380000,'asdasd123','2023-04-28 10:39:21'),(36.34798689945700000,127.38254972536660000,'asdasd123','2023-04-28 10:39:21'),(36.34760217077950000,127.37884937725610000,'asdasd123','2023-04-28 10:39:22'),(36.35086975814870000,127.38283119907010000,'asdasd123','2023-04-28 10:39:22'),(36.35317544340690000,127.38324355534760000,'asdasd123','2023-04-28 10:39:23'),(36.35506485765960000,127.38975917223580000,'asdasd123','2023-04-28 10:39:23'),(36.35713653842150000,127.38451080054920000,'asdasd123','2023-04-28 10:39:24'),(36.33830443253910000,127.38931921409100000,'asdasd1234','2023-04-28 12:09:40'),(36.34230291448530000,127.37895737895370000,'asdasd1234','2023-04-28 12:09:44'),(36.34803856901940000,127.38887750852570000,'euni123','2023-04-28 12:25:52'),(36.36218785342750000,127.39411779763560000,'euni123','2023-04-28 12:33:20'),(36.34465772162950000,127.38654367420850000,'qwer123','2023-04-28 12:43:49'),(36.36370238620590000,127.39394715887430000,'euni123','2023-04-28 12:54:29'),(36.34544392786680000,127.38586804141890000,'asdasd1234','2023-04-28 12:56:34'),(36.34702441950780000,127.38759138012110000,'asdasd1234','2023-04-28 12:56:34'),(36.34421460234360000,127.38702048153580000,'asdasd1234','2023-04-28 12:56:35'),(36.34561882531970000,127.38751757597580000,'asdasd1234','2023-04-28 12:56:35'),(36.34508259984790000,127.38613360903210000,'asdasd1234','2023-04-28 12:56:35'),(36.34359327687350000,127.38407660936280000,'asdasd1234','2023-04-28 12:56:36'),(36.34482642323120000,127.38172107792170000,'asdasd1234','2023-04-28 12:56:36'),(36.34595510733730000,127.38384313415020000,'asdasd1234','2023-04-28 12:56:36'),(36.33510785184500000,127.38573909069890000,'aaa1234','2023-04-28 15:48:28'),(36.33570541302830000,127.37923729124360000,'aaa1234','2023-04-28 15:48:29'),(36.33873204795660000,127.37965295643890000,'aaa1234','2023-04-28 15:48:29'),(36.34037250823520000,127.38518582633540000,'aaa1234','2023-04-28 15:48:29'),(36.33759462903110000,127.38588501442730000,'aaa1234','2023-04-28 15:48:29'),(36.33565757557920000,127.38293496063930000,'aaa1234','2023-04-28 15:48:30'),(36.33819234054490000,127.37933845586620000,'aaa1234','2023-04-28 15:48:30'),(36.34160923948530000,127.38171651616440000,'aaa1234','2023-04-28 15:48:31'),(36.34044875872160000,127.38389408503200000,'aaa1234','2023-04-28 15:48:31'),(36.33919113231540000,127.38264037215010000,'aaa1234','2023-04-28 15:48:32'),(36.35391862049260000,127.38752528701410000,'aaa1234','2023-04-28 15:48:46'),(36.35004567657060000,127.38126752166900000,'aaa1234','2023-04-28 15:48:47'),(36.34894724750440000,127.38656487672630000,'aaa1234','2023-04-28 15:48:47'),(36.35403769535640000,127.38413905181960000,'aaa1234','2023-04-28 15:48:48'),(36.34648034327840000,127.38022527778560000,'aaa1234','2023-04-28 15:48:48'),(36.34751085570340000,127.38486450498830000,'aaa1234','2023-04-28 15:48:48'),(36.34907526272380000,127.38037157677240000,'aaa1234','2023-04-28 15:48:49'),(36.34987577881060000,127.37801373081350000,'aaa1234','2023-04-28 15:48:49'),(36.35365500268580000,127.37981453340370000,'aaa1234','2023-04-28 15:48:49'),(36.35208817741030000,127.38506528379900000,'aaa1234','2023-04-28 15:48:49'),(36.35755394525530000,127.38919223059370000,'aaa1234','2023-05-01 09:47:20'),(36.35608419520170000,127.37536986772840000,'asdasd123','2023-05-01 09:53:05'),(36.36067979307720000,127.38118568364070000,'asdasd123','2023-05-01 09:53:06'),(36.35064588997710000,127.38519186579510000,'asdasd123','2023-05-01 09:59:45'),(36.35865266544620000,127.39490216325770000,'asdasd123','2023-05-01 10:37:53'),(36.33893151011230000,127.38491140151300000,'asdasd123','2023-05-01 10:49:18'),(36.36150150260750000,127.39456001416340000,'asdasd123','2023-05-01 11:13:23'),(36.35998902808660000,127.39410671083810000,'asdasd123','2023-05-01 11:20:42'),(36.34687173965510000,127.38183131968630000,'asdasd123','2023-05-01 11:41:36'),(36.36694567039190000,127.39423093304670000,'asdasd123','2023-05-01 11:44:32'),(36.35797805443220000,127.39177915446350000,'asdasd123','2023-05-01 11:44:40'),(36.35801614486070000,127.39115542484630000,'asdasd123','2023-05-01 11:44:43'),(36.35812515894660000,127.39088857544320000,'asdasd123','2023-05-01 11:44:45'),(36.35826379227590000,127.39258277255440000,'asdasd123','2023-05-01 11:44:48'),(36.35624782957390000,127.39177048342500000,'asdasd123','2023-05-01 11:44:55'),(36.34527131815810000,127.40267687743040000,'asdasd123','2023-05-01 11:49:17'),(36.34368557767370000,127.40257959806160000,'asdasd123','2023-05-01 11:49:17'),(36.34109083758600000,127.40238801894250000,'asdasd123','2023-05-01 11:49:18'),(36.33871237449080000,127.40219756531360000,'asdasd123','2023-05-01 11:49:19'),(36.33742068735970000,127.40040876451280000,'asdasd123','2023-05-01 11:49:19'),(36.33993495028930000,127.40309495980060000,'asdasd123','2023-05-01 11:49:22'),(36.34634910098890000,127.40375184477420000,'asdasd123','2023-05-01 11:49:23'),(36.34851368792540000,127.40322829666670000,'asdasd123','2023-05-01 11:49:25'),(36.34259997688270000,127.40382160491560000,'asdasd123','2023-05-01 11:49:26'),(36.34490483552100000,127.40445732088260000,'asdasd123','2023-05-01 11:49:27'),(36.34124823724690000,127.40381462629780000,'aaa1234','2023-05-01 11:50:54'),(36.33926643772040000,127.40358162048380000,'aaa1234','2023-05-01 11:50:55'),(36.33704010845010000,127.40103056959870000,'aaa1234','2023-05-01 11:50:55'),(36.34016985290710000,127.40291794802820000,'aaa1234','2023-05-01 11:50:56'),(36.34265525040400000,127.40346543446850000,'aaa1234','2023-05-01 11:50:56'),(36.34669680044250000,127.40219406501980000,'aaa1234','2023-05-01 11:50:57'),(36.34810170850860000,127.40246865096960000,'aaa1234','2023-05-01 11:50:58'),(36.34990492638540000,127.40221056517580000,'aaa1234','2023-05-01 11:50:58'),(36.34751895061400000,127.40424804173790000,'aaa1234','2023-05-01 11:51:01'),(36.34315220631960000,127.40574041815230000,'aaa1234','2023-05-01 11:51:02'),(36.36676792847550000,127.39890996341820000,'asdasd123','2023-05-01 11:51:50'),(36.34117524085190000,127.40408158625430000,'imagetest3','2023-05-01 11:53:26'),(36.34200626496360000,127.40350664345340000,'imagetest3','2023-05-01 11:53:28'),(36.34114235445820000,127.40314573794340000,'imagetest3','2023-05-01 11:53:28'),(36.34176182306550000,127.40383955596310000,'imagetest3','2023-05-01 11:53:34'),(36.34080734620200000,127.40361184855360000,'imagetest3','2023-05-01 11:53:36'),(36.34189264491520000,127.40245897854080000,'imagetest3','2023-05-01 11:53:37'),(36.34206663554150000,127.40430897443440000,'imagetest3','2023-05-01 11:53:38'),(36.34174161496670000,127.40448552023950000,'imagetest3','2023-05-01 11:53:38'),(36.34058865811330000,127.40432361295290000,'imagetest3','2023-05-01 11:53:41'),(36.34033829152000000,127.40374309530380000,'imagetest3','2023-05-01 11:53:41'),(36.34063019542370000,127.40269754008740000,'imagetest3','2023-05-01 11:53:42'),(36.34110097386300000,127.40205390038050000,'imagetest3','2023-05-01 11:53:42'),(36.34140594351740000,127.40247875247450000,'imagetest3','2023-05-01 11:53:43'),(36.34118440309280000,127.40403707744710000,'imagetest2','2023-05-01 11:54:09'),(36.34120114529780000,127.40441589118320000,'imagetest2','2023-05-01 11:54:10'),(36.34125792615940000,127.40361417350240000,'imagetest2','2023-05-01 11:54:10'),(36.34122390968500000,127.40301248978760000,'imagetest2','2023-05-01 11:54:11'),(36.34170963421020000,127.40328233103310000,'imagetest2','2023-05-01 11:54:11'),(36.34224920194530000,127.40361928857140000,'imagetest2','2023-05-01 11:54:12'),(36.34050223022940000,127.40323155033040000,'imagetest2','2023-05-01 11:54:15'),(36.34221533579960000,127.40297304127180000,'imagetest2','2023-05-01 11:54:15'),(36.34070453835980000,127.40202958479450000,'imagetest2','2023-05-01 11:54:16'),(36.34121765990700000,127.40486153813270000,'imagetest2','2023-05-01 11:54:17'),(36.35164610695370000,127.38800420716410000,'imagetest2','2023-05-01 11:58:01'),(36.34839801773220000,127.38919121791490000,'imagetest2','2023-05-01 11:58:01'),(36.35227299612030000,127.38364019435910000,'imagetest2','2023-05-01 12:03:04'),(36.34837582665150000,127.38491332219520000,'euni123','2023-05-01 12:03:48'),(36.35532037615910000,127.38878003330100000,'imagetest2','2023-05-01 12:03:50'),(36.35537406764200000,127.39439539514010000,'euni123','2023-05-01 12:04:13'),(36.35616465790450000,127.37269637070080000,'euni123','2023-05-01 12:04:53'),(36.36923585532510000,127.38835896333420000,'euni123','2023-05-01 12:05:07'),(36.35883028781320000,127.38465283043730000,'euni123','2023-05-01 12:05:39'),(36.34605862289620000,127.38806560221600000,'asdasd1234','2023-05-01 12:07:00'),(36.35471942115890000,127.38512280680050000,'asdasd1234','2023-05-01 12:07:00'),(36.34806127256710000,127.38183712772350000,'asdasd1234','2023-05-01 12:07:01'),(36.34612607696030000,127.38949182424320000,'asdasd1234','2023-05-01 12:07:01'),(36.35217969291240000,127.39019041396960000,'asdasd1234','2023-05-01 12:07:01'),(36.35337821364100000,127.38743348225940000,'asdasd1234','2023-05-01 12:07:01'),(36.35183872114520000,127.38417281047860000,'asdasd1234','2023-05-01 12:07:01'),(36.34732414887780000,127.38686877110300000,'asdasd1234','2023-05-01 12:07:02'),(36.35333397953050000,127.37874345949060000,'asdasd1234','2023-05-01 12:07:02'),(36.35615566230740000,127.38686790521880000,'asdasd1234','2023-05-01 12:07:02'),(36.34401219589750000,127.38551565494850000,'asdasd1234','2023-05-01 12:07:05'),(36.35046925950140000,127.39512819935100000,'imagetest2','2023-05-01 12:20:46'),(36.34884098072990000,127.38598506452540000,'imagetest2','2023-05-01 12:21:06'),(36.36108735819840000,127.38894241837870000,'imagetest2','2023-05-01 12:21:10'),(36.36227616166570000,127.38917117496100000,'imagetest2','2023-05-01 12:21:11'),(36.36040262277380000,127.38889444407570000,'imagetest2','2023-05-01 12:21:12'),(36.36451190453500000,127.38891489091260000,'imagetest2','2023-05-01 12:21:13'),(36.36375551194800000,127.38873285085390000,'imagetest2','2023-05-01 12:21:13'),(36.36346481915470000,127.38944450680240000,'imagetest2','2023-05-01 12:21:14'),(36.36278385511650000,127.38823776491790000,'imagetest2','2023-05-01 12:21:14'),(36.36108416253300000,127.38992288755760000,'imagetest2','2023-05-01 12:21:15'),(36.36018314951250000,127.38987382592390000,'imagetest2','2023-05-01 12:21:16'),(36.36100250306260000,127.38172206704480000,'imagetest2','2023-05-01 12:21:23'),(36.36334949718160000,127.38048560287470000,'imagetest2','2023-05-01 12:21:24'),(36.36107885977170000,127.38038541452870000,'imagetest2','2023-05-01 12:21:24'),(36.36212221650810000,127.38101444570770000,'imagetest2','2023-05-01 12:21:27'),(36.36165673630960000,127.38003168406090000,'imagetest2','2023-05-01 12:21:27'),(36.36241371010800000,127.38003536461150000,'imagetest2','2023-05-01 12:21:28'),(36.36284271734940000,127.38115166359470000,'imagetest2','2023-05-01 12:21:28'),(36.36359912205130000,127.38133362818010000,'imagetest2','2023-05-01 12:21:29'),(36.36421560291400000,127.38017783422330000,'imagetest2','2023-05-01 12:21:29'),(36.36114768480960000,127.38141080319280000,'imagetest2','2023-05-01 12:21:35'),(36.36104295527040000,127.38034067230450000,'imagetest2','2023-05-01 12:21:35'),(36.36396285288690000,127.38031031222620000,'imagetest2','2023-05-01 12:21:37'),(36.36388706608140000,127.38146874044290000,'imagetest2','2023-05-01 12:21:37'),(36.36266943386130000,127.38179706064870000,'imagetest2','2023-05-01 12:21:42'),(36.36191274503920000,127.38170422841700000,'imagetest2','2023-05-01 12:21:43'),(36.36166404567040000,127.38056653378320000,'imagetest2','2023-05-01 12:21:43'),(36.36265567564210000,127.38045994105760000,'imagetest2','2023-05-01 12:21:44'),(36.36312548408530000,127.38008339420000000,'imagetest2','2023-05-01 12:21:45'),(36.36324638920320000,127.38173302591620000,'imagetest2','2023-05-01 12:21:46'),(36.36330301912170000,127.38093106443620000,'imagetest2','2023-05-01 12:21:52'),(36.36267163929400000,127.38110626089020000,'imagetest2','2023-05-01 12:21:52'),(36.36191814338790000,127.38001067105930000,'imagetest2','2023-05-01 12:21:53'),(36.36114406730780000,127.37971721857550000,'imagetest2','2023-05-01 12:21:54'),(36.36074422419660000,127.38076260828240000,'imagetest2','2023-05-01 12:21:54'),(36.33730241270220000,127.39804680058140000,'imagetest2','2023-05-01 12:21:55'),(36.36193290201770000,127.38103580685040000,'imagetest2','2023-05-01 12:21:55'),(36.36433105057890000,127.38071322824290000,'imagetest2','2023-05-01 12:21:58'),(36.36386563904990000,127.37970815626620000,'imagetest2','2023-05-01 12:21:58'),(36.33674068289230000,127.38240561843000000,'asdasd1234','2023-05-01 12:36:43'),(36.33981387683110000,127.39070794316650000,'asdasd1234','2023-05-01 12:36:43'),(36.37276578039540000,127.41592333086050000,'asdasd123','2023-05-01 12:39:59'),(36.35334840134700000,127.40191633718950000,'asdasd123','2023-05-01 12:53:31'),(36.34739170586170000,127.39377585839320000,'asdasd123','2023-05-01 12:53:40'),(36.33995966768460000,127.39569888271010000,'asdasd123','2023-05-01 12:53:41'),(36.33211620392350000,127.39120411492160000,'asdasd123','2023-05-01 12:53:41'),(36.32795591724670000,127.38467921699170000,'asdasd123','2023-05-01 12:53:41'),(36.33338450354640000,127.37793404132740000,'asdasd123','2023-05-01 12:53:42'),(36.34277088792400000,127.37343456752370000,'asdasd123','2023-05-01 12:53:42'),(36.34218154591340000,127.37744186150790000,'asdasd123','2023-05-01 12:53:42'),(36.33999917906570000,127.38357999018290000,'asdasd123','2023-05-01 12:53:43'),(36.33753940792260000,127.38624117477340000,'asdasd123','2023-05-01 12:53:43'),(36.37964571163600000,127.40691061675620000,'asdasd123','2023-05-01 12:57:41'),(36.38208770788990000,127.40959810628450000,'asdasd123','2023-05-01 13:05:24'),(36.36719169384130000,127.37947917623320000,'asdasd123','2023-05-01 13:05:30'),(36.35812676163550000,127.39039835948640000,'asdasd123','2023-05-01 13:05:43'),(36.35396803555100000,127.38338113081650000,'asdasd123','2023-05-01 13:09:10'),(36.34268749896550000,127.38270203293980000,'asdasd1234','2023-05-01 13:52:41'),(36.33419875561460000,127.38818497897780000,'asdasd1234','2023-05-01 13:55:29'),(36.34558088163710000,127.37968620063590000,'asdasd1234','2023-05-01 14:20:41'),(36.35064801220050000,127.39009364754700000,'asdasd123','2023-05-01 14:23:18'),(36.37383665051850000,127.40852962486490000,'asdasd123','2023-05-01 14:24:43'),(36.34272383078010000,127.38261309660670000,'asdasd1234','2023-05-01 14:26:48'),(36.36697819640080000,127.38424722331400000,'asdasd1234','2023-05-01 14:35:06'),(36.34547404226020000,127.39046886628310000,'asdasd123','2023-05-01 14:38:15'),(36.35077359258170000,127.39027252054610000,'asdasd123','2023-05-01 14:38:22'),(36.35055702309990000,127.39036056262750000,'asdasd123','2023-05-01 14:39:43'),(36.35042918046960000,127.38532448257030000,'asdasd123','2023-05-01 14:39:57'),(36.35079036289840000,127.38510345420550000,'asdasd123','2023-05-01 14:41:23'),(36.36312505742380000,127.39412252352110000,'asdasd123','2023-05-01 14:41:54'),(36.35055775072980000,127.39013775875150000,'asdasd123','2023-05-01 14:41:55'),(36.36061124962610000,127.38007116818110000,'asdasd123','2023-05-01 14:44:50'),(36.35042846181620000,127.38554728620700000,'asdasd123','2023-05-01 14:44:52'),(36.36046592946590000,127.38042699890050000,'asdasd123','2023-05-01 14:45:11'),(36.34331151583800000,127.38482156190390000,'asdasd1234','2023-05-01 14:48:09'),(36.35055644069680000,127.39053880572250000,'asdasd123','2023-05-01 14:51:20'),(36.35064531528240000,127.38537010920180000,'asdasd123','2023-05-01 14:51:23'),(36.35084182208790000,127.38029104669320000,'asdasd123','2023-05-01 14:51:58'),(36.36078864289590000,127.38096337772750000,'asdasd123','2023-05-01 14:52:01'),(36.34547433340790000,127.39037975052740000,'asdasd123','2023-05-01 14:52:03'),(36.34559938924730000,127.38516700917490000,'asdasd123','2023-05-01 14:52:06'),(36.36057477787950000,127.38020469252370000,'asdasd123','2023-05-01 15:00:48'),(36.35045062951520000,127.38982529419830000,'asdasd123','2023-05-01 15:00:58'),(36.34151583447760000,127.38554790731900000,'asdasd1234','2023-05-01 15:10:53'),(36.34108629167380000,127.38461011173270000,'asdasd1234','2023-05-01 15:10:53'),(36.34063017789140000,127.38632326939480000,'asdasd1234','2023-05-01 15:10:55'),(36.34152802252450000,127.38735250008390000,'asdasd1234','2023-05-01 15:10:55'),(36.33973239593650000,127.38527178502920000,'asdasd1234','2023-05-01 15:10:56'),(36.34051669415590000,127.38518653633790000,'asdasd1234','2023-05-01 15:51:58'),(36.34149225646850000,127.40626648323780000,'asdasd123','2023-05-01 15:53:17'),(36.33892509589920000,127.39787683775030000,'asdasd123','2023-05-01 15:53:18'),(36.35078849459100000,127.38568274633520000,'asdasd123','2023-05-01 16:01:41'),(36.35037737324580000,127.39018142018480000,'asdasd123','2023-05-01 16:01:46'),(36.35116893809260000,127.39063098858430000,'asdasd123','2023-05-01 16:01:49'),(36.35470670631080000,127.37781426780620000,'asdasd123','2023-05-01 16:02:19'),(36.36121783302490000,127.39313241989240000,'asdasd123','2023-05-01 16:03:12'),(36.35075302333750000,127.38550432489440000,'asdasd123','2023-05-01 16:03:14'),(36.35042803042470000,127.38568096838520000,'asdasd123','2023-05-01 16:03:36'),(36.34588741088550000,127.39082740083570000,'asdasd123','2023-05-01 16:04:15'),(36.35923366525440000,127.38251562539050000,'aaa1234','2023-05-01 16:33:14'),(36.35567713822470000,127.37871024629620000,'aaa1234','2023-05-01 16:33:14'),(36.34912330536850000,127.37658415073740000,'aaa1234','2023-05-01 16:33:14'),(36.35906774699580000,127.38924433377250000,'aaa4567','2023-05-01 16:42:09'),(36.35634079028150000,127.38535361798750000,'aaa4567','2023-05-01 16:42:09'),(36.34504018452820000,127.37968357568590000,'asdasd1234','2023-05-01 16:42:40'),(36.33715196072340000,127.38900160172960000,'asdasd1234','2023-05-01 16:54:19'),(36.33352118557720000,127.37459331516400000,'asdasd1234','2023-05-02 11:51:20'),(36.35223652042890000,127.38377370279480000,'asdasd1234','2023-05-02 11:57:38'),(36.35419799921600000,127.39028961365740000,'asdasd1234','2023-05-02 11:57:45'),(36.34381866943140000,127.38961400630990000,'asdasd1234','2023-05-02 11:57:58'),(36.34832679534500000,127.38892350205780000,'asdasd1234','2023-05-02 11:58:10'),(36.34354775330160000,127.38422119774520000,'asdasd1234','2023-05-02 12:06:42'),(36.36558380328410000,127.38067476087870000,'imagetest2','2023-05-02 14:17:48'),(36.36569279406440000,127.38040787090280000,'imagetest2','2023-05-02 14:18:04'),(36.36533346528370000,127.38004956230740000,'imagetest2','2023-05-02 14:18:15'),(36.35035680022000000,127.38541324868620000,'imagetest3','2023-05-02 14:18:46'),(36.34909359022100000,127.39690367441060000,'imagetest3','2023-05-02 14:18:49'),(36.36605254777930000,127.38063247382210000,'imagetest3','2023-05-02 14:18:54'),(36.36439342331330000,127.39207872794450000,'imagetest3','2023-05-02 14:18:56'),(36.36551114243400000,127.38085268711360000,'imagetest1','2023-05-02 15:25:19'),(36.36406944523910000,127.39194339503920000,'imagetest1','2023-05-02 15:25:20'),(36.36504268196720000,127.38080583442090000,'aaa1234','2023-05-02 15:26:36'),(36.36410768274410000,127.39127504843290000,'aaa1234','2023-05-02 15:26:37'),(36.34381912569160000,127.37825180226010000,'asdasd1234','2023-05-02 15:34:29'),(36.36576403501740000,127.38067563879650000,'imagetest2','2023-05-02 15:38:37'),(36.35075345453460000,127.38537064215780000,'asdasd123','2023-05-02 16:13:18'),(36.35039255916150000,127.38550254776920000,'asdasd123','2023-05-02 16:18:22'),(36.36078992110070000,127.38056227781210000,'asdasd123','2023-05-02 16:18:24'),(36.36598173233850000,127.38023099611460000,'asdasd123','2023-05-02 16:18:25'),(36.35373809947130000,127.38761351889050000,'ro12345','2023-05-02 16:35:26'),(36.35617325054670000,127.39252770957850000,'ro12345','2023-05-02 16:35:27'),(36.35238721067730000,127.39286520209810000,'ro12345','2023-05-02 16:35:32'),(36.35470698808320000,127.37772514139560000,'ro12345','2023-05-02 16:35:33'),(36.34465743334790000,127.38663278907440000,'asdasd1234','2023-05-03 09:27:51'),(36.35020891844660000,127.40292510934290000,'imagetest3','2023-05-03 14:40:23'),(36.34855108683520000,127.40282744647340000,'imagetest3','2023-05-03 14:40:24'),(36.34746578519330000,127.40398040860950000,'imagetest3','2023-05-03 14:40:25'),(36.34991542958110000,127.40443867492450000,'imagetest3','2023-05-03 14:40:25'),(36.35229599494210000,127.40400536357720000,'imagetest3','2023-05-03 14:40:26'),(36.34501613786430000,127.40352217172210000,'imagetest3','2023-05-03 14:40:30'),(36.34639070619780000,127.40210337262520000,'imagetest3','2023-05-03 14:40:31'),(36.35472987466760000,127.40379512103130000,'imagetest3','2023-05-03 14:43:00'),(36.35296526047040000,127.40329581613020000,'imagetest3','2023-05-03 14:43:01'),(36.35577942787500000,127.40255273713240000,'imagetest3','2023-05-03 14:43:01'),(36.35790406075370000,127.39235813755000000,'asdasd123','2023-05-03 15:57:42'),(36.35537553769900000,127.39394976014160000,'asdasd123','2023-05-03 15:57:43'),(36.33239888988150000,127.43210345832170000,'imagetest2','2023-05-03 16:28:32'),(36.33109823990900000,127.43292045724540000,'imagetest2','2023-05-03 16:28:33'),(36.33213336082300000,127.43326031628270000,'imagetest2','2023-05-03 16:28:33'),(36.34958246341200000,127.37957194661460000,'ro12345','2023-05-03 16:41:18'),(36.35078142726900000,127.38786623157440000,'asdasd1234','2023-05-03 16:56:52'),(36.34641320226640000,127.37866538086560000,'asdasd1234','2023-05-03 16:56:56'),(36.34235535153230000,127.38510647705490000,'asdasd123','2023-05-03 17:26:35'),(36.34740758602750000,127.38334896640960000,'asdasd1234','2023-05-04 09:46:20'),(36.34160980860910000,127.38153829327440000,'asdasd1234','2023-05-04 09:46:22'),(36.33757870453630000,127.39078588799860000,'ro12345','2023-05-04 09:53:39'),(36.33442770408460000,127.38426551081830000,'ro12345','2023-05-04 09:53:40'),(36.35423641076720000,127.37834675853990000,'euni123','2023-05-04 12:25:55'),(36.35692011670930000,127.38455430120220000,'euni123','2023-05-04 12:55:25'),(36.35789451587680000,127.38420256894900000,'euni123','2023-05-04 12:55:28'),(36.33490473008140000,127.39821281207600000,'asdasd123','2023-05-08 09:50:11'),(36.33152818278690000,127.39463157569670000,'asdasd123','2023-05-08 09:50:13'),(36.32994888523880000,127.39257432227970000,'asdasd123','2023-05-08 09:50:14'),(36.32836722043550000,127.39122992201350000,'asdasd123','2023-05-08 09:50:14'),(36.33569120442960000,127.40017714786920000,'asdasd123','2023-05-08 09:50:15'),(36.33720007302960000,127.40169969770560000,'asdasd123','2023-05-08 09:50:15'),(36.33870771837930000,127.40357873799710000,'asdasd123','2023-05-08 09:50:16'),(36.34094018583330000,127.40430315198200000,'asdasd123','2023-05-08 09:50:16'),(36.34281278791960000,127.40484751614900000,'asdasd123','2023-05-08 09:50:17'),(36.32238054233540000,127.38656726996850000,'imagetest3','2023-05-08 13:11:14'),(36.32130058441920000,127.38611648817280000,'imagetest3','2023-05-08 13:11:19'),(36.32054648025560000,127.38522188015720000,'imagetest3','2023-05-08 13:11:22'),(36.31928441840710000,127.38534930074610000,'imagetest3','2023-05-08 13:11:36'),(36.31885515729970000,127.38432268823440000,'imagetest3','2023-05-08 13:11:37'),(36.31787759504680000,127.38565417622540000,'imagetest3','2023-05-08 13:11:38'),(36.31777275594130000,127.38462917444790000,'imagetest3','2023-05-08 13:11:38'),(36.31874170738290000,127.38597023677130000,'imagetest3','2023-05-08 13:11:39'),(36.31997288863520000,127.38423908746270000,'imagetest3','2023-05-08 13:11:40'),(36.32007413659250000,127.38637770361490000,'imagetest3','2023-05-08 13:11:41'),(36.31799897854340000,127.38434075658140000,'imagetest2','2023-05-08 13:12:12'),(36.31778105079080000,127.38485192942920000,'imagetest2','2023-05-08 13:12:13'),(36.31788631926350000,127.38574330501020000,'imagetest2','2023-05-08 13:12:14'),(36.31817332592340000,127.38616787831320000,'imagetest2','2023-05-08 13:12:15'),(36.31842809601870000,127.38541190042610000,'imagetest2','2023-05-08 13:12:15'),(36.31852108150710000,127.38452149287700000,'imagetest2','2023-05-08 13:12:16'),(36.31889921269620000,127.38463470889200000,'imagetest2','2023-05-08 13:12:16'),(36.31907679137940000,127.38545963766670000,'imagetest2','2023-05-08 13:12:17'),(36.31930915374800000,127.38606212192500000,'imagetest2','2023-05-08 13:12:18'),(36.31958395496150000,127.38468261715170000,'imagetest2','2023-05-08 13:12:18'),(36.31862857641330000,127.38472246584500000,'imagetest1','2023-05-08 13:12:45'),(36.31825037363140000,127.38463152101460000,'imagetest1','2023-05-08 13:12:46'),(36.31796207234920000,127.38460783309060000,'imagetest1','2023-05-08 13:12:46'),(36.31781659539790000,127.38500800419130000,'imagetest1','2023-05-08 13:12:47'),(36.31817598512680000,127.38534384465650000,'imagetest1','2023-05-08 13:12:48'),(36.31826473682950000,127.38576744114880000,'imagetest1','2023-05-08 13:12:48'),(36.31794002979420000,127.38585492699260000,'imagetest1','2023-05-08 13:12:49'),(36.31774306672750000,127.38545307082230000,'imagetest1','2023-05-08 13:12:49'),(36.31891422250720000,127.38557019592830000,'imagetest1','2023-05-08 13:12:49'),(36.31875344866800000,127.38512397010190000,'imagetest1','2023-05-08 13:12:50'),(36.31041798601000000,127.42107018302480000,'markertest1','2023-05-08 13:17:01'),(36.31036470040060000,127.42084720367090000,'markertest1','2023-05-08 13:17:02'),(36.31017561303110000,127.42080164902490000,'markertest1','2023-05-08 13:17:02'),(36.31021091469170000,127.42101339649920000,'markertest1','2023-05-08 13:17:03'),(36.31007534812890000,127.42112401366350000,'markertest1','2023-05-08 13:17:04'),(36.30993151506780000,127.42102302895910000,'markertest1','2023-05-08 13:17:04'),(36.31001324697900000,127.42084531491050000,'markertest1','2023-05-08 13:17:05'),(36.30976064703530000,127.42092189931420000,'markertest1','2023-05-08 13:17:06'),(36.30971484385370000,127.42113320955840000,'markertest1','2023-05-08 13:17:07'),(36.30991286427750000,127.42120108192500000,'markertest1','2023-05-08 13:17:08'),(36.31017949163250000,127.42097982371400000,'markertest2','2023-05-08 13:32:50'),(36.30976487840050000,127.42099986395310000,'markertest2','2023-05-08 13:32:52'),(36.31001499024540000,127.42099007397560000,'markertest2','2023-05-08 13:33:22'),(36.29633083733930000,127.42155109449350000,'markertest2','2023-05-08 13:34:49'),(36.32145957020380000,127.41139651246120000,'markertest2','2023-05-08 14:00:23'),(36.32145826649740000,127.41177513721300000,'markertest2','2023-05-08 14:00:25'),(36.32113430844730000,127.41163979892350000,'markertest2','2023-05-08 14:00:26'),(36.32113584157910000,127.41119435987240000,'markertest2','2023-05-08 14:00:27'),(36.32120089817040000,127.41192968995870000,'markertest2','2023-05-08 14:01:20'),(36.32152466392210000,127.41212070971640000,'markertest2','2023-05-08 14:01:22'),(36.32158417516370000,127.41053967672260000,'markertest3','2023-05-08 14:03:41'),(36.32164668268640000,127.41070704832000000,'markertest3','2023-05-08 14:03:42'),(36.32169991037900000,127.41095232528220000,'markertest3','2023-05-08 14:03:43'),(36.32175325248630000,127.41116419437990000,'markertest3','2023-05-08 14:03:43'),(36.32179746761630000,127.41140942461450000,'markertest3','2023-05-08 14:03:44'),(36.32186883214700000,127.41162138905730000,'markertest3','2023-05-08 14:03:44'),(36.32192224979450000,127.41181098688220000,'markertest3','2023-05-08 14:03:45'),(36.32195722162190000,127.41212298711490000,'markertest3','2023-05-08 14:03:46'),(36.32173254533620000,127.41194362399790000,'markertest3','2023-05-08 14:03:46'),(36.32161631505510000,127.41167574241220000,'markertest3','2023-05-08 14:03:47'),(36.32155505949680000,127.41048941094900000,'markertest4','2023-05-08 14:04:44'),(36.32160867023920000,127.41062332703330000,'markertest4','2023-05-08 14:04:44'),(36.32163511202680000,127.41079607760350000,'markertest4','2023-05-08 14:04:45'),(36.32168417832870000,127.41094110643280000,'markertest4','2023-05-08 14:04:46'),(36.32174219862480000,127.41110288686370000,'markertest4','2023-05-08 14:04:46'),(36.32178677789770000,127.41124232437360000,'markertest4','2023-05-08 14:04:49'),(36.32182228789740000,127.41139841879130000,'markertest4','2023-05-08 14:04:50'),(36.32186234184310000,127.41154340095950000,'markertest4','2023-05-08 14:04:50'),(36.32188885900590000,127.41169388022200000,'markertest4','2023-05-08 14:04:51'),(36.32194693582860000,127.41183895748870000,'markertest4','2023-05-08 14:04:51'),(36.35068781169460000,127.38336504731280000,'zzz1234','2023-05-08 15:42:27'),(36.30782391846910000,127.37892408509820000,'markertest5','2023-05-08 18:16:38'),(36.30793979913180000,127.37932548107980000,'markertest5','2023-05-08 18:16:42'),(36.30750787442000000,127.37912297252240000,'markertest5','2023-05-08 18:16:43'),(36.30750646125370000,127.37956833577710000,'markertest5','2023-05-08 18:16:43'),(36.30779405691320000,127.37981468407860000,'markertest5','2023-05-08 18:16:44'),(36.30809953379570000,127.38010565831910000,'markertest5','2023-05-08 18:16:44'),(36.30859026373250000,127.37881644896020000,'markertest5','2023-05-08 18:16:45'),(36.30826598454130000,127.37877034295080000,'markertest5','2023-05-08 18:16:46'),(36.30848049962680000,127.37932810000390000,'markertest5','2023-05-08 18:16:47'),(36.30826308840600000,127.37968334646450000,'markertest5','2023-05-08 18:16:47'),(36.30800796946270000,127.37914209492260000,'markertest6','2023-05-08 18:17:17'),(36.30780115987150000,127.37899634789770000,'markertest6','2023-05-08 18:17:18'),(36.30801758126890000,127.37895285792710000,'markertest6','2023-05-08 18:17:18'),(36.30784720615820000,127.37868481030020000,'markertest6','2023-05-08 18:17:19'),(36.30762149096470000,127.37881733013010000,'markertest6','2023-05-08 18:17:20'),(36.35753692177450000,127.37190073376170000,'markertest7','2023-05-09 09:25:21'),(36.35752738989980000,127.37206780905070000,'markertest7','2023-05-09 09:25:25'),(36.35734753928840000,127.37194439820730000,'markertest7','2023-05-09 09:25:26'),(36.35731988004530000,127.37214481083800000,'markertest7','2023-05-09 09:25:27'),(36.35747269562490000,127.37226809335530000,'markertest7','2023-05-09 09:25:28'),(36.35732837104770000,127.37231197146740000,'markertest7','2023-05-09 09:25:28'),(36.35716657860330000,127.37217750503180000,'markertest7','2023-05-09 09:25:29'),(36.35717617999850000,127.37198814820710000,'markertest7','2023-05-09 09:25:30'),(36.35719489669860000,127.37176541070180000,'markertest7','2023-05-09 09:25:31'),(36.35736622124890000,127.37173280139100000,'markertest7','2023-05-09 09:25:31'),(36.35752354306070000,127.37185610461370000,'markertest8','2023-05-09 09:25:59'),(36.35726234509980000,127.37181029680930000,'markertest8','2023-05-09 09:26:00'),(36.35729780202700000,127.37199986827880000,'markertest8','2023-05-09 09:26:01'),(36.35745973345380000,127.37208976977330000,'markertest8','2023-05-09 09:26:02'),(36.35766706982060000,127.37206847385760000,'markertest8','2023-05-09 09:26:03'),(36.35755120182220000,127.37165569135520000,'markertest8','2023-05-09 09:26:04'),(36.35771313350360000,127.37174559243510000,'markertest8','2023-05-09 09:26:05'),(36.35782955626440000,127.37198011586810000,'markertest8','2023-05-09 09:26:06'),(36.35773191904010000,127.37150057085810000,'markertest8','2023-05-09 09:26:08'),(36.35736223524070000,127.37156566215260000,'markertest8','2023-05-09 09:26:08'),(36.35757553315700000,127.37180064500620000,'markertest9','2023-05-09 09:26:47'),(36.35746273204170000,127.37185024466640000,'markertest9','2023-05-09 09:26:47'),(36.35753458217760000,127.37192857607330000,'markertest9','2023-05-09 09:26:48'),(36.35764284284450000,127.37189009627450000,'markertest9','2023-05-09 09:26:49'),(36.35736798879710000,127.37188878873860000,'markertest9','2023-05-09 09:26:51'),(36.35740786466530000,127.37210623492880000,'markertest9','2023-05-09 09:26:51'),(36.36818698451720000,127.38805289255270000,'markertest10','2023-05-09 09:30:04'),(36.36820450088040000,127.38820898002030000,'markertest10','2023-05-09 09:30:05'),(36.36800617381580000,127.38823028047980000,'markertest10','2023-05-09 09:30:05'),(36.36797074290280000,127.38804067586290000,'markertest10','2023-05-09 09:30:06'),(36.36809748387380000,127.38786301920190000,'markertest10','2023-05-09 09:30:07'),(36.36833171247890000,127.38788646761450000,'markertest10','2023-05-09 09:30:08'),(36.36840322612220000,127.38806510931570000,'markertest10','2023-05-09 09:30:08'),(36.36835751660550000,127.38826545475930000,'markertest10','2023-05-09 09:30:09'),(36.36818589829660000,127.38838717382680000,'markertest10','2023-05-09 09:30:10'),(36.36794432326340000,127.38785111614230000,'markertest10','2023-05-09 09:30:11'),(36.36829555764510000,127.38791971686300000,'markertest11','2023-05-09 09:30:41'),(36.36829975586980000,127.38801445239880000,'markertest11','2023-05-09 09:30:42'),(36.36828578607290000,127.38815366932300000,'markertest11','2023-05-09 09:30:42'),(36.36819556171610000,127.38818664983060000,'markertest11','2023-05-09 09:30:43'),(36.36819143601590000,127.38806962899320000,'markertest11','2023-05-09 09:30:47'),(36.36816479935420000,127.38794692496600000,'markertest11','2023-05-09 09:30:47'),(36.36802977044300000,127.38790168314280000,'markertest11','2023-05-09 09:30:48'),(36.36805191945990000,127.38801879322380000,'markertest11','2023-05-09 09:30:49'),(36.36806062339560000,127.38811355084750000,'markertest11','2023-05-09 09:30:49'),(36.36809187429650000,127.38820284906480000,'markertest11','2023-05-09 09:30:49'),(36.32937398436790000,127.39063353785970000,'markertest12','2023-05-09 09:52:30'),(36.32930906856390000,127.39050513429330000,'markertest12','2023-05-09 09:52:34'),(36.32933926447730000,127.39057210909870000,'markertest12','2023-05-09 09:52:35'),(36.32932105923520000,127.39062770499120000,'markertest12','2023-05-09 09:52:36'),(36.32929420632180000,127.39057188421200000,'markertest12','2023-05-09 09:52:37'),(36.32939108135580000,127.39057236771900000,'markertest12','2023-05-09 09:52:37'),(36.32937324004800000,127.39051659187940000,'markertest12','2023-05-09 09:52:38'),(36.32936410105170000,127.39055552702320000,'markertest13','2023-05-09 09:53:05'),(36.32933950101260000,127.39049971747980000,'markertest13','2023-05-09 09:53:07'),(36.32931678089050000,127.39055807519420000,'markertest13','2023-05-09 09:53:08'),(36.32935718765360000,127.39060282628370000,'markertest13','2023-05-09 09:53:11'),(36.32930986749150000,127.39060537442590000,'markertest13','2023-05-09 09:53:12'),(36.32934615966860000,127.39053037843270000,'markertest14','2023-05-09 09:53:37'),(36.32930349087390000,127.39048840043660000,'markertest14','2023-05-09 09:53:39'),(36.32927856333750000,127.39053282542970000,'markertest14','2023-05-09 09:53:40'),(36.32928741120460000,127.39058298764370000,'markertest14','2023-05-09 09:53:40'),(36.32934821241830000,127.39059164412940000,'markertest14','2023-05-09 09:53:41'),(36.35989664239070000,127.34415793953730000,'markertest15','2023-05-09 09:57:08'),(36.35992580181890000,127.34420263483240000,'markertest15','2023-05-09 09:57:09'),(36.35987176412340000,127.34419125516240000,'markertest15','2023-05-09 09:57:09'),(36.35987383246920000,127.34425532916140000,'markertest15','2023-05-09 09:57:12'),(36.35992336434240000,127.34426668903130000,'markertest15','2023-05-09 09:57:13'),(36.35996624181950000,127.34424180897360000,'markertest15','2023-05-09 09:57:13'),(36.35998216463610000,127.34418895585190000,'markertest15','2023-05-09 09:57:14'),(36.35996430985520000,127.34413038313370000,'markertest15','2023-05-09 09:57:16'),(36.35990206604260000,127.34423038462470000,'markertest16','2023-05-09 09:57:44'),(36.36001487191840000,127.34417517269480000,'markertest16','2023-05-09 09:57:44'),(36.35989337534330000,127.34411892912230000,'markertest16','2023-05-09 09:57:45'),(36.35982112183510000,127.34417431960240000,'markertest16','2023-05-09 09:57:46'),(36.35995964358050000,127.34418607125300000,'markertest16','2023-05-09 09:57:48'),(36.35989660227530000,127.34417186651510000,'markertest16','2023-05-09 09:57:49'),(36.35995042331360000,127.34425845190700000,'markertest16','2023-05-09 09:57:50'),(36.35988730176450000,127.34427210106450000,'markertest16','2023-05-09 09:57:50'),(36.35983781001730000,127.34424681422940000,'markertest16','2023-05-09 09:57:51'),(36.35991691856230000,127.34415802881010000,'markertest17','2023-05-09 09:58:19'),(36.35988318110180000,127.34413838225670000,'markertest17','2023-05-09 09:58:20'),(36.35987848272800000,127.34420521189730000,'markertest17','2023-05-09 09:58:21'),(36.35992352483870000,127.34421098110140000,'markertest17','2023-05-09 09:58:23'),(36.35997319312190000,127.34417498918000000,'markertest17','2023-05-09 09:58:23'),(36.35998432125540000,127.34422239055610000,'markertest17','2023-05-09 09:58:25'),(36.35986034712180000,127.34424412805250000,'markertest17','2023-05-09 09:58:26'),(36.35992114353580000,127.34425553752330000,'markertest17','2023-05-09 09:58:27'),(36.35988050291200000,127.34428599827180000,'markertest17','2023-05-09 09:58:27'),(36.35996390865940000,127.34426965303130000,'markertest17','2023-05-09 09:58:30'),(36.35895455387090000,127.36219201957070000,'markertest18','2023-05-09 09:59:05'),(36.31751895102370000,127.42908150268260000,'markertest19','2023-05-09 10:05:20'),(36.31747177998490000,127.42904226937720000,'markertest19','2023-05-09 10:05:21'),(36.31743128770850000,127.42902534400390000,'markertest19','2023-05-09 10:05:21'),(36.31740175018750000,127.42909477988110000,'markertest19','2023-05-09 10:05:22'),(36.31740602613630000,127.42915883324510000,'markertest19','2023-05-09 10:05:23'),(36.31745991585940000,127.42920923906810000,'markertest19','2023-05-09 10:05:24'),(36.31749833512480000,127.42917604273990000,'markertest19','2023-05-09 10:05:24'),(36.31754581595590000,127.42912897647650000,'markertest19','2023-05-09 10:05:25'),(36.31746480144760000,127.42910347719700000,'markertest19','2023-05-09 10:05:26'),(36.31753016556660000,127.42909548371880000,'markertest20','2023-05-09 10:05:59'),(36.31748300452450000,127.42905346654140000,'markertest20','2023-05-09 10:06:01'),(36.31740862880200000,127.42906141066220000,'markertest20','2023-05-09 10:06:02'),(36.31737693829290000,127.42910299561560000,'markertest20','2023-05-09 10:06:03'),(36.31742849518250000,127.42917565987900000,'markertest20','2023-05-09 10:06:03'),(36.31751438526410000,127.42909818114130000,'markertest21','2023-05-09 10:06:34'),(36.31749169635400000,127.42914259939080000,'markertest21','2023-05-09 10:06:34'),(36.31744671827660000,127.42912008155040000,'markertest21','2023-05-09 10:06:35'),(36.31746943715560000,127.42906731174740000,'markertest21','2023-05-09 10:06:36'),(36.31741998323570000,127.42903641769650000,'markertest21','2023-05-09 10:06:36'),(36.34887601923670000,127.38629716132230000,'asdasd1234','2023-05-09 14:50:41'),(36.33966344013920000,127.38148424445040000,'asdasd1234','2023-05-09 14:53:35'),(36.34874686675870000,127.38161767295920000,'asdasd1234','2023-05-09 14:53:35'),(36.34491161021200000,127.37473697967500000,'asdasd1234','2023-05-09 14:53:35'),(36.33957905473620000,127.38531558505320000,'asdasd1234','2023-05-09 14:53:35'),(36.35461386458520000,127.38432013803120000,'ro12345','2023-05-09 14:56:37'),(36.34512141553900000,127.38806095185530000,'ro12345','2023-05-09 14:56:49'),(36.34838825712500000,127.39217670706830000,'doglover1','2023-05-09 17:33:51'),(36.34270079380350000,127.38974210891190000,'doglover1','2023-05-09 17:33:51'),(36.33948732503320000,127.38019128452240000,'doglover1','2023-05-09 17:33:52'),(36.34728296797630000,127.37719912367660000,'doglover1','2023-05-09 17:33:53'),(36.35232947196370000,127.37722346759560000,'doglover1','2023-05-09 17:33:53'),(36.35541531300650000,127.38169478516140000,'doglover1','2023-05-09 17:33:54'),(36.35712283962760000,127.38874443187590000,'doglover1','2023-05-09 17:33:55'),(36.35716754629340000,127.37475115544760000,'doglover1','2023-05-09 17:33:55'),(36.34780548583580000,127.37149796935210000,'doglover1','2023-05-09 17:33:56'),(36.36533316770910000,127.36863965362210000,'dunsanjjang32','2023-05-09 17:45:36'),(36.36475999501940000,127.36747813956290000,'dunsanjjang32','2023-05-09 17:45:37'),(36.36443858906400000,127.36649610039380000,'dunsanjjang32','2023-05-09 17:45:38'),(36.36710232531440000,127.36771200873290000,'dunsanjjang32','2023-05-09 17:45:57'),(36.36620882095630000,127.36521185867280000,'dunsanjjang32','2023-05-09 17:45:57'),(36.36678133192910000,127.36659622866280000,'dunsanjjang32','2023-05-09 17:45:58'),(36.36552530071770000,127.36476296371390000,'dunsanjjang32','2023-05-09 17:45:59'),(36.36491726383290000,127.36320018530090000,'dunsanjjang32','2023-05-09 17:45:59'),(36.36311046264820000,127.36466255595640000,'dunsanjjang32','2023-05-09 17:46:00'),(36.36709309725130000,127.37069821974610000,'dunsanjjang32','2023-05-09 17:46:01'),(36.35401587374900000,127.39086802963330000,'aaa1234','2023-05-09 18:00:44'),(36.34803406585310000,127.39025884813440000,'aaa1234','2023-05-09 18:00:47'),(36.34826840478420000,127.38468999242100000,'test0101','2023-05-10 10:12:49'),(36.35681341096060000,127.38410812553910000,'test0101','2023-05-10 10:12:51'),(36.35889792507820000,127.38603471743200000,'test0101','2023-05-10 10:12:51'),(36.35741483006040000,127.38763174854230000,'test0101','2023-05-10 10:12:52'),(36.35897690984770000,127.38389592465040000,'test0101','2023-05-10 10:12:53'),(36.35721749058350000,127.38174814956410000,'test0101','2023-05-10 10:12:54'),(36.34437438414970000,127.38498274438270000,'test0101','2023-05-10 10:12:56'),(36.35737617868460000,127.38843373393860000,'euni123','2023-05-10 14:16:14'),(36.35688191710100000,127.38522259001820000,'euni123','2023-05-10 14:16:23'),(36.35807072893950000,127.38545127719930000,'euni123','2023-05-10 14:16:24'),(36.35711559993450000,127.37978678080550000,'euni123','2023-05-10 14:16:25'),(36.34819817529320000,127.38411036478160000,'euni123','2023-05-10 14:16:27'),(36.35043047299900000,127.38492343600440000,'aaa1234','2023-05-10 14:32:46'),(36.35042996751590000,127.39610835204760000,'aaa1234','2023-05-10 14:32:49'),(36.35630828752030000,127.37287531465340000,'euni123','2023-05-10 15:48:55'),(36.30962302326080000,127.42289197243740000,'euni123','2023-05-10 15:49:03'),(36.33164481337820000,127.45321629690860000,'euni123','2023-05-10 15:49:06'),(36.31895111881370000,127.45456818572160000,'euni123','2023-05-10 15:49:08'),(36.34222124558780000,127.37628357699360000,'euni123','2023-05-10 15:49:14'),(36.35149887915830000,127.38893927943950000,'test0101','2023-05-10 16:01:03'),(36.35109825279190000,127.37900000088460000,'test0101','2023-05-10 16:01:04'),(36.35435032118990000,127.37652019876230000,'test0101','2023-05-10 16:01:04'),(36.35220974149980000,127.38087701173740000,'asdasd123','2023-05-10 16:07:56'),(36.34789364632680000,127.37787046926600000,'asdasd123','2023-05-10 16:07:56'),(36.34920844506900000,127.38938463450680000,'asdasd123','2023-05-10 17:01:22'),(36.34502436817070000,127.38462947700870000,'asdasd123','2023-05-10 18:01:07');
/*!40000 ALTER TABLE `map_tables` ENABLE KEYS */;
UNLOCK TABLES;

--
-- Table structure for table `orgchat_room`
--

DROP TABLE IF EXISTS `orgchat_room`;
/*!40101 SET @saved_cs_client     = @@character_set_client */;
/*!50503 SET character_set_client = utf8mb4 */;
CREATE TABLE `orgchat_room` (
  `id` varchar(20) NOT NULL,
  `room` varchar(30) DEFAULT NULL,
  `time` datetime DEFAULT NULL
) ENGINE=InnoDB DEFAULT CHARSET=utf8mb4 COLLATE=utf8mb4_0900_ai_ci;
/*!40101 SET character_set_client = @saved_cs_client */;

--
-- Dumping data for table `orgchat_room`
--

LOCK TABLES `orgchat_room` WRITE;
/*!40000 ALTER TABLE `orgchat_room` DISABLE KEYS */;
INSERT INTO `orgchat_room` VALUES ('asdasd123','test1','2023-04-24 15:43:14'),('asdasd1234','test1','2023-04-24 15:43:14'),('euni123','test1','2023-04-24 15:43:14'),('ro12345','test1','2023-04-24 15:43:14'),('imagetest2','test1','2023-04-24 15:43:14'),('aaa1234','test2','2023-04-25 10:39:12'),('eee1234','test2','2023-04-25 10:39:22'),('test123','test2','2023-04-25 10:39:32'),('jwttest1','test3','2023-04-25 10:39:54'),('asdasd1111','test3','2023-04-25 10:40:07'),('asdasd1234','test3','2023-04-25 10:40:26'),('asdasd1212','test3','2023-04-25 10:40:58'),('yoone96','test3','2023-04-25 10:41:12'),('cuteyoon33','test3','2023-04-25 10:41:31');
/*!40000 ALTER TABLE `orgchat_room` ENABLE KEYS */;
UNLOCK TABLES;

--
-- Table structure for table `post_upload`
--

DROP TABLE IF EXISTS `post_upload`;
/*!40101 SET @saved_cs_client     = @@character_set_client */;
/*!50503 SET character_set_client = utf8mb4 */;
CREATE TABLE `post_upload` (
  `id` varchar(20) NOT NULL,
  `image` blob,
  `date` datetime NOT NULL DEFAULT CURRENT_TIMESTAMP
) ENGINE=InnoDB DEFAULT CHARSET=utf8mb4 COLLATE=utf8mb4_0900_ai_ci;
/*!40101 SET character_set_client = @saved_cs_client */;

--
-- Dumping data for table `post_upload`
--

LOCK TABLES `post_upload` WRITE;
/*!40000 ALTER TABLE `post_upload` DISABLE KEYS */;
INSERT INTO `post_upload` VALUES ('aaa1234',_binary 'aaa1234-postupload1.png','2023-04-21 16:45:41');
/*!40000 ALTER TABLE `post_upload` ENABLE KEYS */;
UNLOCK TABLES;

--
-- Table structure for table `public_chat_list`
--

DROP TABLE IF EXISTS `public_chat_list`;
/*!40101 SET @saved_cs_client     = @@character_set_client */;
/*!50503 SET character_set_client = utf8mb4 */;
CREATE TABLE `public_chat_list` (
  `type` varchar(20) NOT NULL,
  `value` longtext,
  PRIMARY KEY (`type`)
) ENGINE=InnoDB DEFAULT CHARSET=utf8mb4 COLLATE=utf8mb4_0900_ai_ci;
/*!40101 SET character_set_client = @saved_cs_client */;

--
-- Dumping data for table `public_chat_list`
--

LOCK TABLES `public_chat_list` WRITE;
/*!40000 ALTER TABLE `public_chat_list` DISABLE KEYS */;
INSERT INTO `public_chat_list` VALUES ('chatList','[\"36.340&127.405\",\"36.365&127.380\",\"36.360&127.380\",\"36.350&127.385\",\"36.345&127.385\",\"36.320&127.410\",\"36.309&127.380\",\"36.355&127.370\",\"36.370&127.390\",\"36.330&127.390\",\"36.000&127.345\",\"36.315&127.430\",\"36.350&127.390\"]'),('targetMarker','{\"36.355&127.385\":[\"asdasd123\",\"asdasd123\",\"asdasd123\",\"aaa1234\",\"asdasd1234\",\"asdasd1234\",\"asdasd1234\",\"asdasd123\",\"aaa4567\",\"euni123\",\"ro12345\",\"dunsanjjang32\",\"test0101\",\"euni123\"],\"36.350&127.380\":[\"asdasd123\",\"asdasd123\",\"aaa1234\",\"aaa1234\",\"aaa1234\",\"asdasd1234\",\"asdasd123\",\"ro12345\",\"dunsanjjang32\",\"dunsanjjang32\",\"dunsanjjang32\",\"test0101\",\"asdasd123\",\"asdasd123\"],\"36.355&127.380\":[\"asdasd123\",\"aaa1234\",\"asdasd1234\",\"asdasd123\",\"aaa1234\",\"ro12345\",\"euni123\",\"doglover1\",\"dunsanjjang32\",\"dunsanjjang32\",\"dunsanjjang32\",\"test0101\",\"euni123\"],\"36.350&127.385\":[\"asdasd123\",\"asdasd123\",\"asdasd123\",\"aaa1234\",\"aaa1234\",\"aaa1234\",\"asdasd123\",\"imagetest2\",\"euni123\",\"asdasd1234\",\"imagetest2\",\"asdasd123\",\"asdasd123\",\"asdasd123\",\"asdasd123\",\"asdasd123\",\"asdasd123\",\"asdasd123\",\"asdasd1234\",\"imagetest3\",\"asdasd123\",\"asdasd123\",\"asdasd1234\",\"test0101\",\"euni123\",\"aaa1234\"],\"36.355&127.390\":[\"asdasd123\",\"aaa1234\",\"asdasd123\",\"imagetest2\",\"aaa1234\",\"asdasd1234\",\"ro12345\",\"doglover1\",\"aaa1234\",\"test0101\",\"euni123\"],\"36.339&127.390\":[\"asdasd1234\",\"asdasd1234\",\"ro12345\"],\"36.340&127.380\":[\"asdasd1234\",\"aaa1234\",\"aaa1234\",\"asdasd1234\"],\"36.350&127.390\":[\"euni123\",\"imagetest2\",\"imagetest2\",\"asdasd1234\",\"asdasd123\",\"asdasd123\",\"asdasd123\",\"asdasd123\",\"asdasd123\",\"asdasd123\",\"asdasd123\",\"asdasd123\",\"asdasd1234\",\"asdasd1234\",\"doglover1\",\"aaa1234\",\"test0101\",\"asdasd123\",\"asdasd123\"],\"36.360&127.395\":[\"euni123\",\"asdasd123\",\"asdasd123\",\"asdasd123\",\"asdasd123\"],\"36.345&127.385\":[\"qwer123\",\"asdasd1234\",\"asdasd1234\",\"asdasd1234\",\"asdasd1234\",\"asdasd1234\",\"asdasd1234\",\"asdasd1234\",\"asdasd1234\",\"asdasd1234\",\"asdasd1234\",\"asdasd123\",\"asdasd1234\",\"asdasd1234\",\"asdasd1234\",\"test0101\",\"asdasd123\"],\"36.365&127.395\":[\"euni123\",\"asdasd123\",\"asdasd123\"],\"36.345&127.390\":[\"asdasd1234\",\"asdasd1234\",\"asdasd1234\",\"asdasd1234\",\"asdasd123\",\"asdasd123\",\"asdasd123\",\"asdasd1234\",\"ro12345\",\"doglover1\"],\"36.345&127.380\":[\"asdasd1234\",\"aaa1234\",\"asdasd123\",\"asdasd1234\",\"asdasd1234\",\"asdasd1234\",\"asdasd1234\"],\"36.335&127.385\":[\"aaa1234\",\"aaa1234\",\"ro12345\"],\"36.335&127.380\":[\"aaa1234\",\"asdasd1234\",\"asdasd123\"],\"36.339&127.380\":[\"aaa1234\",\"aaa1234\",\"doglover1\"],\"36.340&127.385\":[\"aaa1234\",\"aaa1234\",\"asdasd1234\",\"asdasd1234\",\"asdasd1234\",\"asdasd1234\",\"asdasd1234\",\"asdasd123\"],\"36.339&127.385\":[\"aaa1234\",\"aaa1234\",\"asdasd123\",\"asdasd123\",\"asdasd1234\",\"asdasd1234\"],\"36.360&127.390\":[\"aaa1234\",\"asdasd123\",\"asdasd123\",\"asdasd123\",\"imagetest2\",\"imagetest2\",\"imagetest2\",\"imagetest2\",\"asdasd123\",\"aaa4567\",\"asdasd123\"],\"36.355&127.375\":[\"asdasd123\",\"euni123\",\"doglover1\",\"euni123\",\"test0101\"],\"36.360&127.380\":[\"asdasd123\",\"imagetest2\",\"imagetest2\",\"imagetest2\",\"imagetest2\",\"imagetest2\",\"imagetest2\",\"imagetest2\",\"imagetest2\",\"imagetest2\",\"imagetest2\",\"imagetest2\",\"imagetest2\",\"imagetest2\",\"asdasd123\",\"asdasd123\",\"asdasd123\",\"asdasd123\",\"asdasd123\"],\"36.000&127.395\":[\"asdasd123\",\"asdasd123\",\"asdasd123\"],\"36.345&127.405\":[\"asdasd123\",\"asdasd123\",\"asdasd123\",\"asdasd123\",\"asdasd123\",\"aaa1234\",\"aaa1234\",\"imagetest3\",\"imagetest3\",\"asdasd123\"],\"36.340&127.400\":[\"asdasd123\",\"imagetest3\",\"imagetest3\",\"imagetest3\",\"imagetest2\"],\"36.339&127.400\":[\"asdasd123\",\"asdasd123\"],\"36.335&127.400\":[\"asdasd123\",\"aaa1234\",\"imagetest2\",\"asdasd123\",\"asdasd123\",\"asdasd123\"],\"36.000&127.405\":[\"asdasd123\",\"imagetest3\"],\"36.350&127.405\":[\"asdasd123\",\"aaa1234\",\"imagetest3\",\"imagetest3\",\"imagetest3\"],\"36.340&127.405\":[\"aaa1234\",\"aaa1234\",\"imagetest3\",\"imagetest3\",\"imagetest3\",\"imagetest3\",\"imagetest3\",\"imagetest3\",\"imagetest3\",\"imagetest3\",\"imagetest3\",\"imagetest3\",\"imagetest2\",\"imagetest2\",\"imagetest2\",\"imagetest2\",\"imagetest2\",\"imagetest2\",\"imagetest2\",\"imagetest2\",\"imagetest2\",\"asdasd123\",\"asdasd123\"],\"36.339&127.405\":[\"aaa1234\",\"asdasd123\"],\"36.345&127.400\":[\"aaa1234\",\"imagetest3\"],\"36.350&127.400\":[\"aaa1234\"],\"36.000&127.400\":[\"aaa1234\"],\"36.365&127.400\":[\"asdasd123\"],\"36.355&127.395\":[\"euni123\",\"ro12345\",\"asdasd123\"],\"36.370&127.390\":[\"euni123\",\"markertest10\",\"markertest10\",\"markertest10\",\"markertest10\",\"markertest10\",\"markertest10\",\"markertest10\",\"markertest10\",\"markertest10\",\"markertest10\",\"markertest11\",\"markertest11\",\"markertest11\",\"markertest11\",\"markertest11\",\"markertest11\",\"markertest11\",\"markertest11\",\"markertest11\",\"markertest11\"],\"36.360&127.385\":[\"euni123\",\"aaa1234\",\"euni123\",\"test0101\",\"test0101\",\"euni123\"],\"36.350&127.395\":[\"imagetest2\",\"imagetest3\",\"ro12345\",\"aaa1234\"],\"36.365&127.390\":[\"imagetest2\",\"imagetest2\",\"imagetest2\",\"imagetest2\",\"imagetest3\",\"imagetest1\",\"aaa1234\"],\"36.360&127.000\":[\"imagetest2\"],\"36.365&127.380\":[\"imagetest2\",\"imagetest2\",\"imagetest2\",\"imagetest2\",\"imagetest2\",\"imagetest2\",\"imagetest2\",\"imagetest2\",\"imagetest2\",\"imagetest2\",\"imagetest2\",\"imagetest2\",\"imagetest2\",\"imagetest2\",\"asdasd123\",\"imagetest2\",\"imagetest2\",\"imagetest2\",\"imagetest3\",\"imagetest1\",\"aaa1234\",\"imagetest2\",\"asdasd123\"],\"36.375&127.415\":[\"asdasd123\"],\"36.355&127.400\":[\"asdasd123\"],\"36.345&127.395\":[\"asdasd123\"],\"36.330&127.390\":[\"asdasd123\",\"asdasd123\",\"markertest12\",\"markertest12\",\"markertest12\",\"markertest12\",\"markertest12\",\"markertest12\",\"markertest12\",\"markertest13\",\"markertest13\",\"markertest13\",\"markertest13\",\"markertest13\",\"markertest14\",\"markertest14\",\"markertest14\",\"markertest14\",\"markertest14\"],\"36.330&127.385\":[\"asdasd123\"],\"36.345&127.375\":[\"asdasd123\",\"doglover1\"],\"36.340&127.375\":[\"asdasd123\",\"euni123\"],\"36.000&127.385\":[\"asdasd123\"],\"36.379&127.405\":[\"asdasd123\"],\"36.380&127.410\":[\"asdasd123\"],\"36.335&127.390\":[\"asdasd1234\",\"asdasd1234\"],\"36.375&127.410\":[\"asdasd123\"],\"36.365&127.385\":[\"asdasd1234\"],\"36.350&127.375\":[\"aaa1234\",\"doglover1\"],\"36.335&127.375\":[\"asdasd1234\"],\"36.355&127.405\":[\"imagetest3\",\"imagetest3\",\"imagetest3\"],\"36.330&127.430\":[\"imagetest2\"],\"36.330&127.435\":[\"imagetest2\",\"imagetest2\"],\"36.330&127.395\":[\"asdasd123\"],\"36.320&127.410\":[\"markertest3\",\"markertest3\",\"markertest3\",\"markertest3\",\"markertest3\",\"markertest3\",\"markertest3\",\"markertest3\",\"markertest3\",\"markertest3\",\"markertest4\",\"markertest4\",\"markertest4\",\"markertest4\",\"markertest4\",\"markertest4\",\"markertest4\",\"markertest4\",\"markertest4\",\"markertest4\"],\"36.309&127.380\":[\"markertest5\",\"markertest5\",\"markertest5\",\"markertest5\",\"markertest5\",\"markertest5\",\"markertest5\",\"markertest5\",\"markertest5\",\"markertest5\",\"markertest6\",\"markertest6\",\"markertest6\",\"markertest6\",\"markertest6\"],\"36.360&127.370\":[\"markertest7\",\"markertest7\",\"markertest8\",\"markertest8\",\"markertest8\",\"markertest8\",\"markertest8\",\"markertest8\",\"markertest9\",\"markertest9\",\"markertest9\"],\"36.355&127.370\":[\"markertest7\",\"markertest7\",\"markertest7\",\"markertest7\",\"markertest7\",\"markertest7\",\"markertest7\",\"markertest7\",\"markertest8\",\"markertest8\",\"markertest8\",\"markertest8\",\"markertest9\",\"markertest9\",\"markertest9\"],\"36.360&127.345\":[\"markertest15\",\"markertest15\",\"markertest15\",\"markertest16\",\"markertest16\",\"markertest16\",\"markertest16\",\"markertest16\",\"markertest16\",\"markertest17\",\"markertest17\",\"markertest17\",\"markertest17\"],\"36.000&127.345\":[\"markertest15\",\"markertest15\",\"markertest15\",\"markertest15\",\"markertest15\",\"markertest16\",\"markertest16\",\"markertest16\",\"markertest17\",\"markertest17\",\"markertest17\",\"markertest17\",\"markertest17\",\"markertest17\",\"markertest18\"],\"36.320&127.430\":[\"markertest19\",\"markertest19\",\"markertest20\",\"markertest21\"],\"36.315&127.430\":[\"markertest19\",\"markertest19\",\"markertest19\",\"markertest19\",\"markertest19\",\"markertest19\",\"markertest19\",\"markertest20\",\"markertest20\",\"markertest20\",\"markertest20\",\"markertest21\",\"markertest21\",\"markertest21\",\"markertest21\"],\"36.350&127.370\":[\"doglover1\"],\"36.365&127.370\":[\"dunsanjjang32\",\"dunsanjjang32\",\"dunsanjjang32\"],\"36.365&127.365\":[\"dunsanjjang32\",\"dunsanjjang32\",\"dunsanjjang32\",\"dunsanjjang32\",\"dunsanjjang32\",\"dunsanjjang32\",\"dunsanjjang32\"],\"36.309&127.425\":[\"euni123\"],\"36.330&127.455\":[\"euni123\"],\"36.320&127.455\":[\"euni123\"]}');
/*!40000 ALTER TABLE `public_chat_list` ENABLE KEYS */;
UNLOCK TABLES;

--
-- Table structure for table `second_hand`
--

DROP TABLE IF EXISTS `second_hand`;
/*!40101 SET @saved_cs_client     = @@character_set_client */;
/*!50503 SET character_set_client = utf8mb4 */;
CREATE TABLE `second_hand` (
  `id` varchar(20) DEFAULT NULL,
  `title` varchar(50) DEFAULT NULL,
  `detail` text,
  `img` varchar(50) DEFAULT NULL,
  `date` datetime DEFAULT CURRENT_TIMESTAMP,
  `idx` int NOT NULL AUTO_INCREMENT,
  PRIMARY KEY (`idx`),
  KEY `id` (`id`),
  CONSTRAINT `second_hand_ibfk_1` FOREIGN KEY (`id`) REFERENCES `userinfo` (`id`)
) ENGINE=InnoDB AUTO_INCREMENT=18 DEFAULT CHARSET=utf8mb4 COLLATE=utf8mb4_0900_ai_ci;
/*!40101 SET character_set_client = @saved_cs_client */;

--
-- Dumping data for table `second_hand`
--

LOCK TABLES `second_hand` WRITE;
/*!40000 ALTER TABLE `second_hand` DISABLE KEYS */;
INSERT INTO `second_hand` VALUES ('test0101','1번째 게시글','1초가 아까워~','null.png','2023-05-02 16:14:36',1),('test0101','2번 게시글','네가 5번째니 6번째니? 두번째! 입니다!','null.png','2023-05-02 16:14:59',2),('test0101','3번 게시글','3은 가장 안정적인 수. 다리가 2개인 물체는 서있기 힘들고, 다리가 4개면 하나라도 길이가 다르면 흔들리지만 다리가 3개면 항상 위치가 고정된다','null.png','2023-05-02 16:16:10',3),('test0101','4번째 게시글','한국인이 가장 꺼려하는 숫자 4!','null.png','2023-05-02 16:16:57',4),('test0101','5번 게시글','5늘도 알차게 작업했...나?','null.png','2023-05-02 16:23:10',5),('test0101','6번째 게시글','666 악마의 숫자... ㄷㄷ','null.png','2023-05-02 16:23:31',6),('test0101','Lucky 7!','옛날 옛날 뇌전수리검이 1티어 표창이던 시절... 오르비스 구경가던 시절','null.png','2023-05-02 16:24:17',7),('test0101','8번째 게시글','8은 중국에서 가장 좋아하는 숫자라고 합니다. 돈을 벌다랑 발음이 비슷하다나 뭐라나','null.png','2023-05-02 16:25:16',8),('test0101','9번째 게시글','내맘대로 Z9별... 짧지만 재밌게 했었는데','null.png','2023-05-02 16:25:48',9),('test0101','10의 의미','토막상식.\n10은 우주를 타나태는 수, 창조의 패러다임이자, 모든 수를 포함하며 법, 질서, 지배 또는 모든 사물과 가능성을 의미한다고 합니다.','null.png','2023-05-02 16:26:50',10),('test0101','11번째','11번째 이제 테스트 끝!','null.png','2023-05-02 16:27:10',11),('test0101','12번째 테스트','이번에는 잘 되기를 기원하며... I wish...','null.png','2023-05-03 09:53:55',12),('asdasd123','누가 나 불렀냐','누구냐','asdasd123-2023-5-3-17-47-0.jpg','2023-05-03 17:47:00',13),('bigbowl123','','ㅋㅋㅋ','bigbowl123-2023-5-3-18-8-59.jpg','2023-05-03 18:08:59',14),('asdasd1234','','내가 접수~','asdasd1234-2023-5-4-11-0-12.jpg','2023-05-04 11:00:14',15),('doglover1','강아지 옷 팝니다 7000원','안녕하세요 강아지 옷 팝니다\n저희 강아지는 옷을 별로 안좋아하네요\n상태 좋습니다.\n댕톡주세요','doglover1-2023-5-9-17-36-14.jpg','2023-05-09 17:36:14',16),('dunsanjjang32','안녕하세요 강아지 하네스 무료나눔합니다','자세한 문의는 댕톡주세요\n이건데 저희 강아지한테는 조금 크네요\n무료나눔하고싶습니다','dunsanjjang32-2023-5-9-17-43-26.jpg','2023-05-09 17:43:26',17);
/*!40000 ALTER TABLE `second_hand` ENABLE KEYS */;
UNLOCK TABLES;

--
-- Table structure for table `temperature`
--

DROP TABLE IF EXISTS `temperature`;
/*!40101 SET @saved_cs_client     = @@character_set_client */;
/*!50503 SET character_set_client = utf8mb4 */;
CREATE TABLE `temperature` (
  `id` varchar(20) NOT NULL,
  `temp` double DEFAULT '38',
  `goodTemp` json DEFAULT NULL,
  `badTemp` json DEFAULT NULL
) ENGINE=InnoDB DEFAULT CHARSET=utf8mb4 COLLATE=utf8mb4_0900_ai_ci;
/*!40101 SET character_set_client = @saved_cs_client */;

--
-- Dumping data for table `temperature`
--

LOCK TABLES `temperature` WRITE;
/*!40000 ALTER TABLE `temperature` DISABLE KEYS */;
INSERT INTO `temperature` VALUES ('imagetest1',38.5,'{\"goodUser\": [\"euni123\", \"ro12345\"]}','{\"badUser\": [\"test0101\"]}'),('test123',37.5,'{\"goodUser\": []}','{\"badUser\": [\"euni123\"]}'),('euni123',37.5,'{\"goodUser\": []}','{\"badUser\": [\"ro12345\"]}'),('asdasd1212',38,NULL,NULL),('ro123123',37.5,'{\"goodUser\": []}','{\"badUser\": [\"euni123\"]}'),('asdasd123',39,'{\"goodUser\": [\"euni123\", \"aaa1234\"]}','{\"badUser\": []}'),('aaa1234',37.5,'{\"goodUser\": []}','{\"badUser\": [\"euni123\"]}'),('bigbowl123',37.5,'{\"goodUser\": []}','{\"badUser\": [\"euni123\"]}'),('aaa4567',38,NULL,NULL);
/*!40000 ALTER TABLE `temperature` ENABLE KEYS */;
UNLOCK TABLES;

--
-- Table structure for table `userimage`
--

DROP TABLE IF EXISTS `userimage`;
/*!40101 SET @saved_cs_client     = @@character_set_client */;
/*!50503 SET character_set_client = utf8mb4 */;
CREATE TABLE `userimage` (
  `id` varchar(20) NOT NULL,
  `image` blob,
  PRIMARY KEY (`id`)
) ENGINE=InnoDB DEFAULT CHARSET=utf8mb4 COLLATE=utf8mb4_0900_ai_ci;
/*!40101 SET character_set_client = @saved_cs_client */;

--
-- Dumping data for table `userimage`
--

LOCK TABLES `userimage` WRITE;
/*!40000 ALTER TABLE `userimage` DISABLE KEYS */;
INSERT INTO `userimage` VALUES ('aaa1234',_binary 'aaa1234.gif'),('asdasd123',_binary 'asdasd123.gif'),('asdasd1234',_binary 'asdasd1234.jpg'),('bigbowl123',_binary 'bigbowl123.jpg'),('chattest3',_binary 'chattest3.jpg'),('doglover1',_binary 'doglover1.jpg'),('dunsanjjang32',_binary 'dunsanjjang32.jpg'),('euni123',_binary 'euni123.png'),('imagetest1',_binary 'imagetest1.png'),('imagetest2',_binary 'imagetest2.jpg'),('imagetest3',_binary 'imagetest3.jpg'),('qwer123',_binary 'qwer123.png'),('ro12345',_binary 'ro12345.jpg'),('test0101',_binary 'test0101.png'),('test123',_binary 'test123.jpg');
/*!40000 ALTER TABLE `userimage` ENABLE KEYS */;
UNLOCK TABLES;

--
-- Table structure for table `userinfo`
--

DROP TABLE IF EXISTS `userinfo`;
/*!40101 SET @saved_cs_client     = @@character_set_client */;
/*!50503 SET character_set_client = utf8mb4 */;
CREATE TABLE `userinfo` (
  `id` varchar(20) NOT NULL,
  `PW` varchar(128) DEFAULT NULL,
  `question` int DEFAULT NULL,
  `answer` varchar(20) DEFAULT NULL,
  `dogName` varchar(20) DEFAULT NULL,
  `dogGender` int DEFAULT NULL,
  `intro` varchar(100) DEFAULT NULL,
  `dogsize` tinyint DEFAULT NULL,
  `dogage` int DEFAULT NULL,
  PRIMARY KEY (`id`)
) ENGINE=InnoDB DEFAULT CHARSET=utf8mb4 COLLATE=utf8mb4_0900_ai_ci;
/*!40101 SET character_set_client = @saved_cs_client */;

--
-- Dumping data for table `userinfo`
--

LOCK TABLES `userinfo` WRITE;
/*!40000 ALTER TABLE `userinfo` DISABLE KEYS */;
INSERT INTO `userinfo` VALUES ('aaa1234','68a283c7dafd1f34a63e550f3e12a62effa9085cc32aeeba7df8241f311ba486e9cbedebc7d2f97c3b4da0f28b417dbfa38c5f3ab2fb0ca7daa70c0e9f55052a',1,'undefined','김민식',2,'하이염~',1,2),('aaa12345','da8c1e77103b2975a87860b61919dcc06c3465f5c1d2de8e7710046922449139199e7f5098f0168358bf93521f572a99fc11673d66de9d2a91bca0399337f622',1,'대전','진진',2,NULL,NULL,NULL),('aaa4567','f2106289c9e9af9a361a2f45d125d082293b6ea7b7f0e4da5a0e850b2a9bb28e2de284f40d1bf722c46b195b6d3637e312eb839589264c0646892cb96029621d',1,'undefined','김민식',2,'안녕하세요. 반갑습니다^^',NULL,NULL),('aaaa1212','41409510ba394d28d6c9deb6b033cf13163d0538c21819abf4d4a435209a17532b8bfce286dd7c7f43d0d1eb1a8fcb38471a429f2db16bd092d88b64cc3968f2',1,'aaaa1212','dog',1,NULL,NULL,NULL),('asdasd1111','57f5b0aeed0184395e0079bdc78246bddb5c7b69f7e6b725f7486377207ea388474a0468ed5486f781d082503ca04f0b8416f730046725a91d3adcc07e5ce401',1,'daejeon','dog',1,NULL,NULL,NULL),('asdasd1212','a9e7467e3c2a78f34d536f0d3aa00f177c7e21ec45c21bf426241a3c1a79676303b6c6e67de570bb77d807a6a9779998db483adfea1bd4c54ca552d1ef2c817e',1,'대전','우노',1,'안녕하세요. 반갑습니다^^',NULL,NULL),('asdasd123','0c4f22c8d979def2ab3efdfe62f294372d0ec22c69b62334ad58b4306ceed310a0010414205660df0afa6850a1ad201f2b803af58475f18d43c7f0b9fe7777b5',2,'대전','우노',1,'안녕하세요 우노 페이지입니다',3,1),('asdasd1234','2bea44fdac8a8bc546fbab6ee656c09f2f228753521133110f5a61382bcb2e480b883e8219ceee3fd96fbebc8a48222d3dee2809eacdc84ca6a8cfbb383fb35d',4,'귀요미','윤순이',1,'윤순이는 마을시골개 입니다.',1,NULL),('asdasd1sd','db19a192a089810c3e87c6b91fbc25cc4737c41270a69612b7121e80d3b3e56cd9508287907450516f59c7d3334b2649a745b58a676cd593d7c70f02f9d4170c',2,'대전','윤이',2,NULL,NULL,NULL),('bigbowl123','51099521fa44ff0496965539c11fedaf1fa7eae3b966b95fa561b84676119f6342817c067510087c3d06d5e3b34c048af46f7660b0d6cdcee618a42ed69d3a6d',1,'대전','우노',1,NULL,NULL,NULL),('bugcheck1','af843049ab98618b351a6ed29cdfaa97f26ea73fc689d3de65a64453a691731fcb844620a46e3e107b95ecc69842494e9af9dcb1d429def25a768d1dc731bd36',1,'포항','야옹',2,NULL,NULL,NULL),('bugcheck2','f27e9fa6ee929f7f0cda4a99493f7d166909c9b18c10bb0bd2f4dada1544ff6b1db57928400dcba299dbd634b551c3cf3e05fbeb3a4ca13f0b4300780a941b01',1,'bugcheck2','123',1,NULL,NULL,NULL),('chattest3','607b6128da6e88431e849726c318155b6a1ce4ea1881bd9f76f5b96ecbf84229efa78d8d1b0d0737f4b63b6e2d9b3a04f2711544f21ab1d92b461ad31eec8d99',2,'chattest3','chattest3',1,NULL,NULL,NULL),('cuteyoon33','4504efea367e92bb831e983385e1722a99af2420519918faa063c0882b7ef3b15647f01d596ca7255d8472991eeb2192880de5e06fdbb83ba3c8035bc38ef33c',2,'고양이학교','냐옹이',2,NULL,NULL,NULL),('doglover1','57e4de920327a71b514fa6c19ec7293d971b7604a06a9058fa691504f217532a424ece715a62ef7489b955509f48cea266977e9507c7c13dcd4e20005b14c385',1,'인천','망충이',2,'안녕하세여 같이 산책해여~',2,2),('dunsanjjang32','5272287f5e4d8f5b535510d1d6eb7bb7a92a1fe6c5cbcee9a692d9a3eb2570054bbdf65a1e85520daf1e82b68e564c1022dcefabb9a7cf95ccf968f0bbbbea03',1,'둔산동','짱이',2,NULL,NULL,NULL),('eee1234','e553465e3d1ad816a8a8c33176a2ff00fb58f6f55502c89e7593242accc1b0d3c2a2b5fc300a085b5051ecbdd2195b05a53a198ec98d9f75d323cc3c563592f9',1,'대전','몽몽',1,NULL,NULL,NULL),('euni123','e553465e3d1ad816a8a8c33176a2ff00fb58f6f55502c89e7593242accc1b0d3c2a2b5fc300a085b5051ecbdd2195b05a53a198ec98d9f75d323cc3c563592f9',1,'대전','몽몽',2,'null',1,2),('imagetest1','7117eb06fc294faad570787275c0dab15cc5c4f0302431016191c515a0ce53735f6c1e72a7b5675289c66b3f571ed050c165018db3fc59af6c3160596ff915be',1,'대전','dog',1,NULL,NULL,NULL),('imagetest2','7ddeb451ce259e9c3acdd03414ddf60f98169dc11e02f7e561d12be0d80262cce20b5599c566aba567de84c3f3873ab7ba1e117eabc953742214f2958ad639af',1,'123','imagetest2',1,NULL,NULL,NULL),('imagetest3','cf5495cc5a8648807b836b5a0d46b9aa657baa0ffe8a0dc9056cae892d22633f46c116b3503d1c2f032d8ed8b430b05547c074568184d520a1d96a2c2204d334',1,'imagetest3','imagetest3',1,'멍멍',3,4),('jwttest1','62aea67cc9d21bd5c0f5e10de6d9733301e96f4e955433d1aefb12ec689fa7801cb1cb4ab4a751a2fe27fd1056fd061a12a0137f3eddbc90c0b18000edd55072',1,'jwttest1','jwttest1',1,NULL,NULL,NULL),('markertest1','dd2335ae6de766de6ec8e74c1815ed702f1fd0e7c6fbbff8f6eec1347779837d611f34c6b1064d43bfcbd2be5483af1092a3a20da639b0f552cd4e9965bc2a11',1,'markertest1','markertest1',1,NULL,NULL,NULL),('markertest10','a853726ad514f9bb67b3a9065a0bf7a7cd93cf0d9c5c0abae822bbfbf88992e853a042767dddece7c5d9dab6ce179b6bb7de3a015f2f265e0dbb65bd524aad0e',1,'markertest10','markertest10',1,NULL,NULL,NULL),('markertest11','4d2ec4d54506ac57960b1184ddd243ae02b174d2d5bb8ab4afbb6f1f63a07fd4eb2c9d2a0e8ddc14acafd9e4a80de5c5333bc9be3bf10b82de46de150b12c01e',1,'markertest11','markertest11',1,NULL,NULL,NULL),('markertest12','9413882814aa55b1d077492e0e8db23f321f0958ac10c6d40988fb458ce1dcf2e020b81209b7d27a2bd684d8c30b525bc70e98d7da50155c97d971c6b7f2395f',1,'markertest12','markertest12',1,NULL,NULL,NULL),('markertest13','cab249db7e31f3af40e9509d71c71507ad18da8c92b6f1d19e6a617e3a0f07caacecf616ea9db8fcdb43e7bdd252d2d8991d38b93a8a6cff7676482f738a679d',1,'markertest13','markertest13',1,NULL,NULL,NULL),('markertest14','d8f05e12c9d528ae688a4aaeb8c718d52f99f283ebc28b42b1f1c87712de128b344c81ae491091a688f0b0d5aaa2447f3a64a0428cbb38c428c5346cfa2c30a8',1,'markertest14','markertest14',1,NULL,NULL,NULL),('markertest15','b0580ef3af58e1c074114b44df5b39f773b48b8ed843798c1e0afe527276e19edcccf39ed82b8a9b26dbdf454e5af145d6f0a2970ee8f8b219f8c8913a2c07d2',1,'markertest15','markertest15',1,NULL,NULL,NULL),('markertest16','4625c639d9abef18b1b654bda58673b813bd79727d03206bb26db62e85c9cca3f9b636f88890062e8a1bedc797865ced35fabfe6e4d914bfe5565d4ee2225d0b',1,'markertest16','dog',1,NULL,NULL,NULL),('markertest17','cccf2ffce24e9f3ff0b0eddbca2ce212d93b8a7090fb29572f4f8575971e323d77116d54848a02aa406a8a5d2b94c52f4fa333a1860f4a53b76bbd4e93b83992',1,'markertest17','markertest17',1,NULL,NULL,NULL),('markertest18','c3a442d35f374a82db2b07a660d10268570dcc9e741b4e47599403ed4ab384212b9d11cdf7cede44fec639a74c8dced8da61a406262afd20e4a5c91675feb046',1,'markertest18','markertest18',1,NULL,NULL,NULL),('markertest19','4168aa75e0eb56d564da9a0b6149221d5f9ca552a62f512aeb7ff03f5ee21d7b58f86079bacb9d64f06de353464c8cc90cdd59d11cb909475c93f2634cb62d85',1,'markertest19','markertest19',1,NULL,NULL,NULL),('markertest2','ded4a5495d5b32c615773e0610ef55df9c40d3a5b5f3e0db82b9dd7e50af27004582f1fbc8486acb2a81d28c3dc109e6ae6fb7b544152a9f05d33676e6cb78a8',1,'markertest2','dog',1,NULL,NULL,NULL),('markertest20','763ede866b3ee83843e8a26d0278aa53469ff1dd2a7ec2a14243ef6b9261e8eeb018f877090614e3a9453dc2a6a14bc7780a608274b046fffb94ffbc5077e870',1,'markertest20','markertest20',1,NULL,NULL,NULL),('markertest21','3efa80385a171cfbd525b0d5398ee7be04aacd6d77928e1fdd754a20b839d97dd63aaad8df310894f541126c798dc3b2d4405d85055ec64bb01752474f80b0cf',1,'markertest21','markertest21',1,NULL,NULL,NULL),('markertest3','4e06cc80adde3ec15334651a748096df08e5cf93f16208606651256602e9dcf23f87ae60f04ed485ce40833497b47b81e3881ba09ca68b34b6aadf7eb51c2cae',1,'markertest3','markertest3',1,NULL,NULL,NULL),('markertest4','73d63d8f0d32c97d0d338676b1f523de23d1e7cb5d54ba39a728e191fa1fbe5415ebffaca981a6f4bc9a610761d5cb52991117db1e869c0aa9a5d2fa4204e350',1,'daejeon','123',1,NULL,NULL,NULL),('markertest5','834e1a054d76349abe9777344375ed62a1349bfbf5daebe77b11a11a13863bb68799333169c6afd234383ab11d2400e52a3a9ab0823d2d7985011b1ffaaac844',1,'markertest5','markertest5',1,NULL,NULL,NULL),('markertest6','7b70aa148c260a6d343c89787859ba98d9cb705759ab4e494eee81d9949c20207e36dc09f1ff927991c873d6c2ba6c166c89c71d7ff8226da67de181ad747d71',1,'markertest6','markertest6',1,NULL,NULL,NULL),('markertest7','998c5a3ed0f83ac836e52c479e96f0b636f5ad6725fb90aa2da0488181295f960654fbd1d2077f104f2dbfac104213446ab492c2c24c441fb617f5552356545e',1,'markertest7','markertest7',1,NULL,NULL,NULL),('markertest8','cc3fdf32e7363be60a07dccbd0b6fb3e24f2d188e48cb0a5cf59b3d97cc6eb5efe58bdd15db8b45cb409f7c90f129bd55826ad8fd64c28c16874750f805aebae',1,'markertest8','markertest8',1,NULL,NULL,NULL),('markertest9','98b6fbdeb213b507f819feddc835dd003f49689f07a353d2e8c6aabd9be14c274f287525d7489884d5393a9d8c8774b9dc602bf3aa9edd80a57b1d48e1d84d2e',1,'markertest9','markertest9',1,NULL,NULL,NULL),('mypagetest1','19a541425fc5c400e1489f6a2f7482b2129f11997243060e63268682ab3c85b963c2465ac741f857b7a13d0326c57c4203ece8c61ab3cf0aa6d1ab8bd6325cf1',1,'mypagetest1','mypagetest1',1,NULL,NULL,NULL),('pwtest11','720a6592e1491de6caac2ccbd1e2333a93aab28071fcab9aefd8a45c94cf9639b57164c9a0d26702b1ccc2f8f7696b8eae0a17eb5709d4ef6ffe7a387693bbb4',2,'pwtest11','dog',1,NULL,NULL,NULL),('pwtest112','5fcee2f48dd65257bee08fc7d63995af513e558b4acbc278d4cd61df2ed1d4b04d1cc0d6ef53b3937e864cd31b763c8b2e7a12bc69a9dd28d2c59dff4caaf23a',1,'daejeon','dog',1,NULL,NULL,NULL),('pwtest1121','db76c81731ee54811be41329326015d8850211376d6c41a83ef66949eecb52fac0539eb5ea4e380d9fa42f8838e5e7a4937b4cbc0282cf819e23332f735a38bf',2,'daejeon','dog2',2,NULL,NULL,NULL),('pwtest122','fac1de4727a123b92b85201effd1a6478547b77e78ad4f20fabf76931c05d96975e1dc37cd66cc1aff1cf651097ffb5acadd3ed8f697bbf60f59884e6027fc03',1,'123','dog',1,NULL,NULL,NULL),('qwer123','2eccba557310eefe85f995421f53d2a4a099179ad07db6f8a732bb1861559cc0fead3d3adf495741b73d2bcb72ef015c97045e390720d392717b9c9f9a7096bd',1,'대전','나비',2,NULL,NULL,NULL),('ro123123','6b96824311a0e7517804543f581beadb6623a07f8ae94dfa91c921f16a91904351561171481f580a80100e70186b47b450592391e49188ecaa29efd8e12cf98d',1,'대전','멍뭉이',2,'안녕하세요. 반갑습니다^^',NULL,NULL),('ro12345','a964fd585d662a81f74e433f3cba07ca0d3c49ec7d770ca012eff21bf59525abed853892c9079a70642585bc503fd39df834032a6ed6c3ce985c7f73eb124dfe',1,'대전','나비',2,'사실 고양이가 키우고 싶어요',1,3),('rotest0101','a826f0e42b008da46f76e425bdae978b4689f69d692c6eb54ee43958a0af6f2e7d2cf08debb1012939060801dbe41aaf8320b1d4b1c68a29fc9d55ff357c1669',1,'대전','또리',2,NULL,NULL,NULL),('rrr1234','9893eea6d186e204464f040a94c82d19dfa76cdd48e9e5a621169983e22c3da14c6323319087f2d3201f32d9c3a28ff5c116f91ad88656fb0900691d2c058c37',1,'undefined','멍탱',1,NULL,NULL,NULL),('test0011','204b9668b74c4e6394db1830e792f030e745099b8cd6d4bfff9792f4f87ded42c1aa350827093f05a6347534a8d6e08f095375545151d26a8fde5c0c645bc020',2,'대전','뭉멍이',1,NULL,NULL,NULL),('test0101','a826f0e42b008da46f76e425bdae978b4689f69d692c6eb54ee43958a0af6f2e7d2cf08debb1012939060801dbe41aaf8320b1d4b1c68a29fc9d55ff357c1669',1,'대전','멍뭉이',1,NULL,NULL,NULL),('test11111','17ebf9e385c176a40a44851a770d0a2bbd3ac72bdaa50698b824344743d8b8bd15ec16a2ad057c19596508eed552b101d696c8955ab72701ca7ce8983b30ad27',1,'test11111','test11111',1,NULL,NULL,NULL),('test123','daef4953b9783365cad6615223720506cc46c5167cd16ab500fa597aa08ff964eb24fb19687f34d7665f778fcb6c5358fc0a5b81e1662cf90f73a2671c53f991',2,'daejeon','asd',2,NULL,NULL,NULL),('tete123','612c90ed8d1210b8aa436e093206819f38e8ea3babacd0b9bd4c851966482bd11e766a82bd0ee155d05302d09c6368bad2a465d21087b18bb797c7f31feb7dc8',1,'대전','용',1,NULL,NULL,NULL),('undefined','undefined',1,'고양이섬','냐옹이',2,NULL,NULL,NULL),('vvv1234','ea0a1f78b6f8664b29e498a27cf51cec33e00be731745dbe8f6e8957fd2f18ca20e1c0b858c036c3b0f524b90688d218c3c786b962bc5a6dd699788cef583722',1,'대전','구구',1,NULL,NULL,NULL),('yoone96','undefined',1,'고양이섬','윤이',2,'안녕하세요. 반갑습니다^^',NULL,NULL),('yoone9602','undefined',1,'고양이별','고양이',2,NULL,NULL,NULL),('yoone966','dkrlaos1',1,'고양이마을','귀요미',2,NULL,NULL,NULL),('zzz1234','801ab2c8ce89ee322072ccf82cb27cf76209af850aa472ea40281c5301ad2904103f5ba1df52eeafc3aeecbfe645f8d2074bc2591bddc77d881c0b3a47d3603d',1,'대전','망망',2,NULL,NULL,NULL);
/*!40000 ALTER TABLE `userinfo` ENABLE KEYS */;
UNLOCK TABLES;
/*!40103 SET TIME_ZONE=@OLD_TIME_ZONE */;

/*!40101 SET SQL_MODE=@OLD_SQL_MODE */;
/*!40014 SET FOREIGN_KEY_CHECKS=@OLD_FOREIGN_KEY_CHECKS */;
/*!40014 SET UNIQUE_CHECKS=@OLD_UNIQUE_CHECKS */;
/*!40101 SET CHARACTER_SET_CLIENT=@OLD_CHARACTER_SET_CLIENT */;
/*!40101 SET CHARACTER_SET_RESULTS=@OLD_CHARACTER_SET_RESULTS */;
/*!40101 SET COLLATION_CONNECTION=@OLD_COLLATION_CONNECTION */;
/*!40111 SET SQL_NOTES=@OLD_SQL_NOTES */;

-- Dump completed on 2023-05-11 10:02:56
